uri,playlist,track.name,track.album.name,track.album.release_date,track.popularity,primaryartist_name,primaryartist_uri,key,loudness,mode,speechiness,acousticness,instrumentalness,liveness,valence,tempo,duration_ms,time_signature
spotify:track:3bBgqFMlOqEIByHGxHMeBI,Salsa Dominicana,Me Vas a Extrañar,Los Favoritos,2017-11-20,0,Yiyo Sarante,spotify:artist:2rwLjVHS15sfzciKXXNbgA,8,-4.338,1,0.0362,0.498,0,0.325,0.949,92.038,278622,4
spotify:track:38b04JjXZJFWIaYlsyOZ5t,Salsa Dominicana,Adiós Amor,Adiós Amor,2018-02-13,39,Luismi,spotify:artist:4f4TexsJ2zwxc7TZp1h6iq,7,-4.636,1,0.0548,0.341,4.01e-06,0.242,0.96,100.024,255216,4
spotify:track:2qg7Bq4lwpMxfAuK99wrHc,Salsa Dominicana,Ese Tipo Soy Yo,Éxitos,2017-12-29,0,Michel el Buenón,spotify:artist:0XpNiF9v1QPnRWKKGoffQf,7,-5.851,1,0.0535,0.286,5.84e-06,0.245,0.867,93.006,258921,4
spotify:track:5G29mQzoI4Nzn5Mav6KrRj,Salsa Dominicana,No Hay Sombra,La Nueva Era,2017-05-16,34,Revolucion Salsera,spotify:artist:1qwyNZHoVJYxq7MHF63YIT,9,-7.201,1,0.0364,0.411,0.0067,0.0449,0.956,106.001,257541,4
spotify:track:4mTVKaJwoQ4zqFopuTRoSP,Salsa Dominicana,Le Hace Falta Un Beso,Salsa Dominicana Vol. 2,2014-09-09,49,Pakolé,spotify:artist:7k7M8FtOPV7gvNjWwyh0u4,1,-4.267,0,0.0474,0.64,0,0.0649,0.958,102.047,252187,4
spotify:track:2fM9D3e5pyVBzqOBgMC8ap,Salsa Dominicana,Corazon de Acero,7 Exitos,2019-10-06,67,Yiyo Sarante,spotify:artist:2rwLjVHS15sfzciKXXNbgA,5,-5.654,0,0.0435,0.464,2.83e-06,0.0613,0.944,170.095,224496,4
spotify:track:1XuSve6t0vLCm8MG7CZJOA,Salsa Dominicana,Volveré,La Industria Salsera,2014-06-27,3,Chiquito Team Band,spotify:artist:0vEYOFlkqy2FUy1UOF7RiV,5,-4.116,1,0.0323,0.563,0.00034,0.0955,0.914,105.06,254789,4
spotify:track:2SgFUZqcAnEZXxhgPiORha,Salsa Dominicana,Amiga Mía,Arriba Siempre - De Pura Sangre,2013-06-24,38,Michel el Buenón,spotify:artist:0XpNiF9v1QPnRWKKGoffQf,11,-4.092,0,0.0447,0.57,0,0.0931,0.835,164.09,306507,4
spotify:track:78UPTazII2E44EPLwa3p51,Salsa Dominicana,Deseo,Simplemente Controlate,1998,37,Raulin Rosendo,spotify:artist:4pYTSh5LpqCVVSejQ4v6AF,8,-11.855,1,0.0419,0.457,1.78e-06,0.061,0.965,175.178,282200,4
spotify:track:5Vfbmo0bI0Kmkj3k4Yymt3,Salsa Dominicana,Estos Celos,A Mi Estilo,2016-05-01,35,David Kada,spotify:artist:1mW8Ifff475lUj6Xj44we4,5,-11.14,1,0.0492,0.775,0.26,0.114,0.973,106.018,273067,4
spotify:track:03PoB3yyAdPA1S5yw6GtGW,Salsa Dominicana,Dile a Tu Marido,7 Exitos,2019-10-06,45,Yiyo Sarante,spotify:artist:2rwLjVHS15sfzciKXXNbgA,6,-5.797,0,0.0399,0.638,0,0.269,0.866,101.995,286224,4
spotify:track:0RwLxFlu3BeJQqpHItnt77,Salsa Dominicana,Tengo Que Colgar,Los Creadores Del Sonido,2018-03-02,1,Chiquito Team Band,spotify:artist:0vEYOFlkqy2FUy1UOF7RiV,5,-4.434,1,0.035,0.457,0.00225,0.358,0.671,92.486,220667,4
spotify:track:5U4v7JyApEbijyfwVQKYn4,Salsa Dominicana,Extrañándote,Arriba Siempre - De Pura Sangre,2013-06-24,48,Michel el Buenón,spotify:artist:0XpNiF9v1QPnRWKKGoffQf,2,-2.347,1,0.0381,0.606,2.66e-06,0.272,0.928,97.432,305053,4
spotify:track:1y4ml4bHSfFzV6xwfuGWys,Salsa Dominicana,Crónica de un Viejo Amor - Salsa,Viento de Otoño,2016-08-19,32,Asdrubar,spotify:artist:5G5EP36lXJOBOq3BzjHGP1,10,-5.449,0,0.0328,0.315,3.1e-06,0.039,0.929,103.017,275052,4
spotify:track:1Ao1t9myWb3gyO8wAci1Vs,Salsa Dominicana,Te Hubieras Ido Antes,Estoy Confundido,2017-05-12,36,Felix Manuel,spotify:artist:4jEKkpWqQJduBDOEwme4fy,0,-3.91,1,0.0438,0.284,0.000391,0.301,0.961,105.034,255112,4
spotify:track:4es8O2QvvT1YwjU2xyjMJC,Salsa Dominicana,Me Hubieras Dicho,Me Hubieras Dicho,2019-08-10,54,Yiyo Sarante,spotify:artist:2rwLjVHS15sfzciKXXNbgA,5,-10.579,1,0.044,0.689,0,0.105,0.787,114.006,217731,4
spotify:track:3Qwd0limMRdQJdJ7B4Cocy,Salsa Dominicana,Como una Reina,El Dueño de la Clave,2015-06-30,30,Manole,spotify:artist:47KzfOHXxm0z3zQcgnULJM,1,-6.96,0,0.0483,0.554,0.000869,0.0661,0.945,99.112,314828,4
spotify:track:6np8NCPThoSBrQnPET8GCT,Salsa Dominicana,Tu No Eres La Buena,Dile Tu,2017-05-20,1,David Kada,spotify:artist:1mW8Ifff475lUj6Xj44we4,8,-5.029,1,0.0723,0.62,0,0.169,0.824,110.091,238106,4
spotify:track:77WM9iuzBXejxYtLZTfYjq,Salsa Dominicana,Viento De Otoño,I Love Salsa 2013,2013-01-21,0,Asdrubar,spotify:artist:5G5EP36lXJOBOq3BzjHGP1,1,-4.962,0,0.0423,0.253,0,0.0604,0.839,95.241,291760,4
spotify:track:0UD2tx4S1FzKK8vsZl4LX6,Salsa Dominicana,Y Ahora Resulta,Estoy Confundido,2017-05-12,44,Felix Manuel,spotify:artist:4jEKkpWqQJduBDOEwme4fy,7,-4.358,1,0.0653,0.493,0,0.143,0.819,106.031,241058,4
spotify:track:0HGrQk6C62w5obh4ia8kEi,Salsa Dominicana,Evidencia,7 Exitos,2019-10-06,39,Yiyo Sarante,spotify:artist:2rwLjVHS15sfzciKXXNbgA,2,-4.013,1,0.0383,0.58,3.66e-05,0.283,0.747,99.818,243357,4
spotify:track:0CVBqwqo7ciONjzMBbTyoC,Salsa Dominicana,Si Te Hubiera Conocido Ayer,El Protagonista De La Salsa,2014-08-25,0,Victor Waill,spotify:artist:5vOQV42eH7qqhnWOmuGLJV,9,-4.423,0,0.0425,0.466,0.00694,0.0618,0.957,93,267453,4
spotify:track:2rg6eBKjGzERbviH6MIRzv,Salsa Dominicana,La Llamada De Mi Ex,Los Creadores Del Sonido,2018-03-02,2,Chiquito Team Band,spotify:artist:0vEYOFlkqy2FUy1UOF7RiV,1,-4.297,1,0.0452,0.441,1.25e-06,0.0777,0.901,189.884,211827,4
spotify:track:6Soaj6Hi9gRGnGQbqD4Rug,Salsa Dominicana,Te Estaré Esperando,La Nueva Era,2017-05-16,35,Revolucion Salsera,spotify:artist:1qwyNZHoVJYxq7MHF63YIT,1,-3.135,1,0.0493,0.263,0,0.235,0.97,112.021,262609,4
spotify:track:0QRM6m61WbI8NbbfxuCeHF,Salsa Dominicana,Estoy Confundido,Salsa Dominicana Vol. 2,2014-09-09,33,Felix Manuel,spotify:artist:4jEKkpWqQJduBDOEwme4fy,10,-9.529,0,0.0419,0.0877,1.42e-05,0.0789,0.966,104.119,260000,4
spotify:track:2Ynvw5w8MJnq0oysRFK9XX,Salsa Dominicana,La Maldita Primavera,La Maldita Primavera,2019-10-25,38,Yiyo Sarante,spotify:artist:2rwLjVHS15sfzciKXXNbgA,8,-2.549,1,0.0363,0.335,1.69e-05,0.102,0.961,94.004,230504,4
spotify:track:69jVc60TDjrU11tIKpzVqV,Salsa Dominicana,Mi 2da Vida,Mi 2da Vida,2018-03-07,32,David Kada,spotify:artist:1mW8Ifff475lUj6Xj44we4,10,-4.131,1,0.0388,0.38,0.000235,0.0484,0.917,104.99,215536,4
spotify:track:6HdD8TuioZcvFZZk5n9Dib,Salsa Dominicana,Algo Contigo,"Salsa, Sabor & Sentimiento",2017-10-27,1,Alex Matos,spotify:artist:4nwpr7Msz5dvHftcPNkDRC,7,-5.244,1,0.0358,0.271,3.69e-05,0.0823,0.798,99.599,231001,4
spotify:track:18eAh4jXMT0nnZGILdgHdo,Salsa Dominicana,Suelta Mi Mano - Salsa,Viento de Otoño,2016-08-19,31,Asdrubar,spotify:artist:5G5EP36lXJOBOq3BzjHGP1,9,-5.055,1,0.0444,0.508,3.19e-06,0.219,0.932,88.952,264435,4
spotify:track:6syg8RynNDAGu22JTpOPeT,Salsa Dominicana,Dicen Que los Hombres No Deben Llorar,Dicen Que Los Hombres No Deben Llorar,2018-01-23,33,Felix Manuel,spotify:artist:4jEKkpWqQJduBDOEwme4fy,0,-3.312,0,0.0379,0.358,4.08e-06,0.35,0.968,103.024,235781,4
spotify:track:3IqbJ9Cb9FprvswbIJjluH,Salsa Dominicana,Como Si Nada,7 Exitos,2019-10-06,37,Yiyo Sarante,spotify:artist:2rwLjVHS15sfzciKXXNbgA,7,-6.19,0,0.103,0.642,0,0.0747,0.78,89.964,274469,4
spotify:track:4Z4ZnCvPCMP44cgvTzM0fZ,Salsa Dominicana,Lejos De Ti,La Industria Salsera,2014-06-27,2,Chiquito Team Band,spotify:artist:0vEYOFlkqy2FUy1UOF7RiV,7,-3.417,1,0.0316,0.58,8.44e-05,0.0871,0.858,112.487,241656,4
spotify:track:6paVGVOG0TCsLoJg56mw3S,Salsa Dominicana,Amor Perfecto,El Salsero De Ahora,2013-01-09,2,Alex Matos,spotify:artist:4nwpr7Msz5dvHftcPNkDRC,7,-3.868,0,0.0333,0.453,3.53e-05,0.108,0.889,93.024,277893,4
spotify:track:0wXZ8ThlHSzw9o56CP2Snw,Salsa Dominicana,Maldito el Tiempo,Arriba Siempre - De Pura Sangre,2013-06-24,39,Michel el Buenón,spotify:artist:0XpNiF9v1QPnRWKKGoffQf,8,-5.182,1,0.0473,0.553,0,0.218,0.964,90.067,325507,4
spotify:track:2BZWUp8550ZuopEz9bs0QQ,Salsa Dominicana,Tu Amor Fue Diferente,A Mi Estilo,2016-05-01,40,David Kada,spotify:artist:1mW8Ifff475lUj6Xj44we4,8,-5.156,1,0.0387,0.123,0.00101,0.172,0.971,103.958,243733,4
spotify:track:6prazC8omk7VbdFgErjbQv,Salsa Dominicana,Pero Te Olvido,7 Exitos,2019-10-06,36,Yiyo Sarante,spotify:artist:2rwLjVHS15sfzciKXXNbgA,0,-14.209,1,0.0576,0.722,1.23e-06,0.143,0.806,108.014,293832,4
spotify:track:37u0ceT7gahaM9ZYQF3HfN,Salsa Dominicana,La Última Noche,La Nueva Era,2017-05-16,34,Revolucion Salsera,spotify:artist:1qwyNZHoVJYxq7MHF63YIT,9,-4.761,0,0.04,0.187,0.000668,0.077,0.965,114.025,242756,4
spotify:track:0fhU2rLbV3PGLqKwiluzhF,Salsa Dominicana,Si Entendieras,El Salsero De Ahora,2013-01-09,1,Alex Matos,spotify:artist:4nwpr7Msz5dvHftcPNkDRC,8,-2.9,1,0.0563,0.518,3.71e-05,0.0635,0.863,93.994,270360,4
spotify:track:48cdV1dUAggE12iRqlyaEC,Salsa Dominicana,Si Tu No Estas,La Traición,2014-05-13,0,Yanfourd,spotify:artist:0RzBTerVM0F43UQHfJHp6o,0,-3.053,1,0.0429,0.554,5.5e-05,0.146,0.949,92.193,268533,4
spotify:track:6WBre2zcjGtqs7J4RlnXcr,Salsa Dominicana,La Mejor de Todas,Mi Bendición,2016-10-06,34,Edwin El Futuro de la Salsa,spotify:artist:0N7pbBR2bMbkrEmxrldwqW,0,-4.846,1,0.0431,0.215,0.000543,0.27,0.785,115.005,264568,4
spotify:track:4CgtK4uHzb9bZHgEDYgHEl,Salsa Dominicana,Un Hombre Normal,Lo Nuevo de Yiyo Sarante,2013-11-12,46,Yiyo Sarante,spotify:artist:2rwLjVHS15sfzciKXXNbgA,5,-4.811,1,0.0387,0.477,3.78e-05,0.13,0.937,90.998,271707,4
spotify:track:5u0NlOKWghqGPK8IlDnJ29,Salsa Dominicana,Algo Facil De Olvidar,El Protagonista De La Salsa,2014-08-25,0,Victor Waill,spotify:artist:5vOQV42eH7qqhnWOmuGLJV,1,-3.49,0,0.0555,0.55,0.000196,0.175,0.961,196.131,276493,4
spotify:track:5V4HlbMEdGGeV5qsekpSxG,Salsa Dominicana,Mis Amores,Greatest Hits (Serie Cristal),1997-01-01,24,"Jose Alberto ""El Canario""",spotify:artist:6TRzinjf5dzE8zA8baPbYz,7,-15.004,0,0.0378,0.547,2.69e-05,0.0582,0.83,88.137,275827,4
spotify:track:1sg6Nc8FmxNkVAB9FSCqia,Salsa Dominicana,Ven A Hacer El Amor Conmigo,Ven A Hacer El Amor Conmigo,2016-06-24,31,Yanfourd,spotify:artist:0RzBTerVM0F43UQHfJHp6o,0,-5.624,1,0.0384,0.582,1.55e-05,0.136,0.865,98.019,233560,4
spotify:track:6os96u4XJTtO94rBlropfZ,Salsa Dominicana,Solamente Tú,Mi Bendición,2016-10-06,32,Edwin El Futuro de la Salsa,spotify:artist:0N7pbBR2bMbkrEmxrldwqW,5,-4.282,0,0.0392,0.405,0.001,0.0809,0.969,108.038,240666,4
spotify:track:4UI57hmBDGt4mnTzMRsTZr,Salsa Dominicana,Sin Esencia,7 Exitos,2019-10-06,54,Yiyo Sarante,spotify:artist:2rwLjVHS15sfzciKXXNbgA,5,-6.786,1,0.0426,0.685,8.83e-06,0.0947,0.821,159.866,194472,4
spotify:track:3AZLRfkhFCR3nWKmko0EPI,Salsa Dominicana,Tu Sin Mi,Tu Sin Mi,2017-12-04,2,Jehu El Rey,spotify:artist:3bpLd5BxgDFSo6CqglwzZk,9,-5.403,0,0.0421,0.487,0,0.0617,0.962,90.969,245342,4
spotify:track:42sxNoST0GUaohdQBudL9J,Salsa Dominicana,Me Estas Provocando,Soy Real,2018-01-19,32,David Kada,spotify:artist:1mW8Ifff475lUj6Xj44we4,4,-5.092,0,0.0393,0.462,3.81e-05,0.0357,0.961,99.492,240927,4
spotify:track:2k5zlgPhYnzEsNwjCKUYYi,Salsa Dominicana,Me Enamoré Como Nunca,El Protagonista De La Salsa,2014-08-25,0,Victor Waill,spotify:artist:5vOQV42eH7qqhnWOmuGLJV,1,-5.655,0,0.0438,0.354,0.000199,0.0272,0.968,196.944,248947,4
spotify:track:1HQsv0gU6fVbzFsonmbfa7,Salsa Dominicana,Corazón Suavecito,Corazón Suavecito,2019-11-01,45,Chiquito Team Band,spotify:artist:0vEYOFlkqy2FUy1UOF7RiV,7,-3.285,1,0.0361,0.708,5.35e-05,0.336,0.962,100.009,210013,4
spotify:track:2dT4H0MtcFXsSd1IRrEJoo,Salsa Dominicana,Pirata - Original Version,Singles,2013-04-26,2,Yiyo Sarante,spotify:artist:2rwLjVHS15sfzciKXXNbgA,9,-4.775,1,0.0406,0.49,2.65e-05,0.0888,0.837,100.036,338781,4
spotify:track:5HVHpguZePkk1RuwohlSEw,Salsa Dominicana,Pirata de Amor,La Traición,2014-05-13,0,Yanfourd,spotify:artist:0RzBTerVM0F43UQHfJHp6o,7,-4.278,1,0.0381,0.61,0.0207,0.0803,0.881,102.976,272533,4
spotify:track:6tPxdlQlRrZ8IUYCRmdZL6,Salsa Dominicana,Abrázame - Salsa,Viento de Otoño,2016-08-19,33,Asdrubar,spotify:artist:5G5EP36lXJOBOq3BzjHGP1,0,-4.708,1,0.0493,0.299,0.00206,0.0457,0.901,196.004,234243,4
spotify:track:7hu5tNi5521yzfnYkRKnS6,Salsa Dominicana,Le Dio Pami,Le Dio Pami,2012-11-30,0,Clasicom,spotify:artist:4wZmK4NokQtJ5Paj6xOPjk,6,-3.317,0,0.0452,0.582,0,0.24,0.964,94.944,234058,4
spotify:track:3llU99ia4jkokhRKKi8TzK,Salsa Dominicana,Una Noche No Es Bastante,El Salsero De Ahora,2013-01-09,1,Alex Matos,spotify:artist:4nwpr7Msz5dvHftcPNkDRC,1,-2.197,1,0.09,0.525,0,0.237,0.829,196.177,249347,4
spotify:track:6cIb682deJj2wjHUH67eyt,Salsa Dominicana,Nos Engañamos Los Dos,El Álbum,2017-06-23,0,Yiyo Sarante,spotify:artist:2rwLjVHS15sfzciKXXNbgA,9,-4.514,1,0.0468,0.681,0,0.323,0.915,109.993,285023,4
spotify:track:3Pd58WdQe8kLTxgsWDoluJ,Salsa Dominicana,Mi Princesa,Mi Princesa,2017-11-05,0,Revolucion Salsera,spotify:artist:1qwyNZHoVJYxq7MHF63YIT,11,-5.724,0,0.0811,0.127,0,0.159,0.816,105.019,253231,4
spotify:track:4XmRDfoHjj6s8KJFzEEVE3,Salsa Dominicana,Probablemente,7 Exitos,2019-10-06,47,Yiyo Sarante,spotify:artist:2rwLjVHS15sfzciKXXNbgA,7,-4.235,1,0.0353,0.627,0,0.116,0.882,84.408,217626,4
spotify:track:4YGSpi9g7ohPFO8TXpvSUZ,Salsa Colombiana,"Oiga, Mire, Vea - Salsa",Sentimental de Punta a Punta,1990-01-01,9,Guayacán Orquesta,spotify:artist:2pZ81eCkqxemIjqqfE1fhE,10,-5.134,0,0.0416,0.444,2.66e-06,0.0856,0.866,89.734,323683,4
spotify:track:34Wc8PhhhIdtsh23ildQId,Salsa Colombiana,Cuarenta Ruedas,Cuarenta Ruedas,2020-02-21,42,Grupo Niche,spotify:artist:1zng9JZpblpk48IPceRWs8,4,-3.021,0,0.0527,0.53,0,0.102,0.655,94.972,255365,4
spotify:track:6zOXdmW4919xmAjDnRyyLh,Salsa Colombiana,La Rebelión,Salsa Rumbera,2016,1,Joe Arroyo,spotify:artist:7BFnoFhJjLWcsqmN3Hizqg,1,-5.086,1,0.0715,0.434,0.0397,0.152,0.801,104.175,285074,4
spotify:track:2dV3h4tQysqPb5e9OxE8ag,Salsa Colombiana,Juan,Juan,2020-02-21,37,La-33,spotify:artist:1Y2yzHPbBWZouNYTOGFq7u,0,-6.188,1,0.0428,0.129,1.15e-05,0.0815,0.688,92.491,231008,4
spotify:track:30UA08ePK3varU1cNX2Owt,Salsa Colombiana,Amantes - Versión Salsa,Amantes (Versión Salsa),2017-12-24,50,Greeicy,spotify:artist:5dbaLmK5SHLLg8Z4CcTJpX,4,-7.26,0,0.0366,0.272,0,0.08,0.792,96.992,244088,4
spotify:track:26TkBx8AxXPXv0mKcOxTNW,Salsa Colombiana,Pablito,Pablito,2019-12-13,37,La-33,spotify:artist:1Y2yzHPbBWZouNYTOGFq7u,2,-7.354,1,0.0427,0.232,0.00716,0.239,0.747,144.12,235803,4
spotify:track:0n7NOq4PbMute1OWyAJ2hV,Salsa Colombiana,Soñé Contigo,Soñé Contigo,2019-06-14,42,Anddy Caicedo,spotify:artist:0Emz7Y7utBVunAblbfCdrC,8,-5.783,1,0.0469,0.298,2.02e-05,0.336,0.819,102.04,174976,4
spotify:track:2NsUo4kJECYBdLEu8xTrk6,Salsa Colombiana,Cali Pachanguero,Lo Mejor Del Grupo Niche - Recordando a Jairo Varela,2012-08-16,42,Grupo Niche,spotify:artist:1zng9JZpblpk48IPceRWs8,8,-7.731,1,0.0395,0.69,0,0.2,0.678,99.911,309920,4
spotify:track:5SOpJfUwE6UTWnFKjJop3V,Salsa Colombiana,Mil Cosas,Mil Cosas,2019-07-10,34,Luis Pava,spotify:artist:5agZm0xcRQclVfMPZmKfeL,5,-8.032,1,0.0512,0.566,0.000404,0.0597,0.901,172.074,213700,4
spotify:track:5Ru99vS2BaLyBCH1PXFiJo,Salsa Colombiana,Las Caleñas Son Como las Flores,Grandes Hits - Latin Brothers,1975,2,The Latin Brothers,spotify:artist:2AiZXMqpVlCDnz3trZbWaK,9,-5.934,0,0.115,0.205,0,0.0654,0.941,95.582,232834,4
spotify:track:3zVf7Ssg55ioIak3B1aWSY,Salsa Colombiana,Cosas Bonitas,Cosas Bonitas,2019-06-07,52,Grupo Niche,spotify:artist:1zng9JZpblpk48IPceRWs8,7,-5.928,1,0.0385,0.486,4.1e-06,0.305,0.727,96.052,260632,4
spotify:track:1JOaoxY1MAPUg41HvDW2vu,Salsa Colombiana,Devórame Otra Vez,Tributo 7 / 80,2019-07-19,36,Maía,spotify:artist:1IKP8dm7pmlkZS4V4MzKkI,5,-5.883,1,0.0356,0.476,1.37e-05,0.326,0.962,169.041,256651,4
spotify:track:1sqc4IHx9fN0kmgh9HuSt4,Salsa Colombiana,Majadera,Si Tú Quieres Salsa,2019-05-17,35,La-33,spotify:artist:1Y2yzHPbBWZouNYTOGFq7u,0,-6.59,1,0.0556,0.327,0.000134,0.166,0.758,159.617,276372,4
spotify:track:0hsQTj606dFydABZjEmjh5,Salsa Colombiana,Medley Cumbias Colombianas,Colombianas Salsa All Star,2019-04-12,33,Alberto Barros,spotify:artist:33ZuRLa8CHXZVPJXdQCcul,0,-3.857,0,0.0334,0.686,0,0.269,0.905,103.997,340694,4
spotify:track:524HB03npGYpYDBVhvh4qe,Salsa Colombiana,Hong Kong,Soundway presents Colombia! (The Golden Age of Discos Fuentes. The Powerhouse of Colombian Music 1960-76),2007,33,Michi Sarmiento Y Sus Bravos,spotify:artist:1ZbObGELUY5BQmRHPJOTGY,9,-6.103,0,0.0427,0.293,0.106,0.0955,0.826,99.342,232947,4
spotify:track:3WDin0AbRA26uNhoj4wylS,Salsa Colombiana,Nociva,Nociva,2019-04-26,0,La-33,spotify:artist:1Y2yzHPbBWZouNYTOGFq7u,5,-6.612,1,0.0417,0.5,1.15e-05,0.146,0.834,103.869,208114,4
spotify:track:4t3ZKcUdZkASycS1nixIgL,Salsa Colombiana,Ayúdame Inspiración,Cuba Linda,2018-11-23,35,Maite Hontelé,spotify:artist:1Pe4MoTbike2NZeexUUBrU,0,-7.378,1,0.0951,0.436,1.84e-05,0.144,0.732,97.088,247505,4
spotify:track:3TA9nq749Dfq7VwirwPuiJ,Salsa Colombiana,Manyoma,The Afrosound Of Colombia Volume 1,2011-04-19,34,Fruko Y Sus Tesos,spotify:artist:5aAlzehdUM14I4ppq24Xob,0,-3.812,1,0.0339,0.00565,0.0928,0.387,0.96,107.043,248040,4
spotify:track:03yhldGrJTaCMEYTUOsV0h,Salsa Colombiana,Si Tú Quieres Salsa,Si Tú Quieres Salsa,2018-12-14,0,La-33,spotify:artist:1Y2yzHPbBWZouNYTOGFq7u,5,-11.861,1,0.0482,0.272,0.00342,0.0999,0.614,93.186,263664,4
spotify:track:4ee1fUrPVok1bEyj1cm4Rv,Salsa Colombiana,"El Amor de Mi Vida ""Se Fue""",Auténtico,2008,55,Grupo Galé,spotify:artist:4152ZUds7gXsqYQexUonDP,0,-6.213,1,0.0367,0.51,1.14e-06,0.149,0.953,168.514,279280,4
spotify:track:74GBtgq1XjVrNdp5Lv1jbM,Salsa Colombiana,Soy de Lo Peor,Cuba Linda,2018-11-23,41,Maite Hontelé,spotify:artist:1Pe4MoTbike2NZeexUUBrU,9,-6.229,0,0.0424,0.6,1.4e-05,0.139,0.841,159.919,260000,4
spotify:track:6vt2mAma3R2NQr1O2X1jDj,Salsa Colombiana,La Rueda,La Rueda,2019-02-01,32,Maía,spotify:artist:1IKP8dm7pmlkZS4V4MzKkI,5,-5.245,1,0.0355,0.527,0.000222,0.044,0.886,100.481,290483,4
spotify:track:25efbZoVG3oCMii4XnB2zP,Salsa Colombiana,La Noche,Historia de la Salsa en el Siglo XX (Vol. 3),1975,0,Joe Arroyo,spotify:artist:7BFnoFhJjLWcsqmN3Hizqg,0,-5.339,0,0.04,0.252,0.0345,0.058,0.831,105.649,263577,4
spotify:track:11hOfiskQ2pGMv57b9kfib,Salsa Colombiana,La Mujer de MI Vida,Buena Fortuna,2017-08-18,37,Charlie Cardona,spotify:artist:7s6h7WYi8AfhxI2Dt1WQyM,10,-4.016,1,0.0364,0.545,1.97e-06,0.0573,0.804,89.941,235206,4
spotify:track:5lgJByAmkgnisZYU6XwtJ2,Salsa Colombiana,El Amor Mas Grande Del Planeta,El Amor Mas Grande Del Planeta,2018-02-27,1,Orquesta la Fuga de Cali,spotify:artist:1hKqqasAon1KaQurWRpuOe,7,-4.538,1,0.0365,0.611,2.61e-05,0.0845,0.911,157.332,250384,4
spotify:track:1I70lW77TO4TbXAyAofPYy,Salsa Colombiana,Curao en Salsa,"Salsa para el Bailador, Vol. 1",2018-09-17,32,Curao En Salsa,spotify:artist:6olL7cjgBRwpBZIphKCV5b,11,-6.305,0,0.0412,0.122,0.00249,0.0383,0.818,149.974,290603,4
spotify:track:5TTKwmlIUZq4PNnpZeF6bf,Salsa Colombiana,Como la Manigua,Manigua,2018-11-30,38,Yuri Buenaventura,spotify:artist:7FIeKWN0FTtzvQ1i7Z1aTx,7,-8.653,1,0.0476,0.688,9.16e-06,0.328,0.507,87.593,289033,4
spotify:track:4PzJ8EH3Apvtmropm3W5hK,Salsa Colombiana,Encantadora,Encantadora,2018-02-22,1,Juan Carlos Ensamble,spotify:artist:2D6mQmDTdaLcA9BZytb4yk,10,-3.932,1,0.0909,0.574,3.57e-05,0.0716,0.857,94.99,250885,4
spotify:track:4lWQDCED9lmRRVI93tc91b,Salsa Colombiana,La Palomita,Tributo a La Salsa Colombiana,2014-02-01,48,Alberto Barros,spotify:artist:33ZuRLa8CHXZVPJXdQCcul,9,-2.669,1,0.079,0.276,1.8e-06,0.36,0.92,194.871,260947,4
spotify:track:0vf2eKyBWP8CLDicddGSF2,Salsa Colombiana,Caramelo,Tributo A Celia Cruz,2003-08-20,22,Alquimia La Sonora Del XXI,spotify:artist:7Ei7ZObFHFq1YOGoYcDIPS,8,-5.366,1,0.0388,0.703,0.0163,0.0928,0.964,110.012,215179,4
spotify:track:5N8HRh3pKXakJrdxQKMi1j,Salsa Colombiana,El Preso,"Narcos, Vol. 2 (More Music from the Netflix Original Series)",2016-09-02,52,Fruko Y Sus Tesos,spotify:artist:5aAlzehdUM14I4ppq24Xob,5,-5.409,0,0.0376,0.166,0.00325,0.125,0.816,106.165,293787,4
spotify:track:0pFLD8oIWPHDBgkPzINYcG,Salsa Colombiana,Salsa,Yo Soy,2000-01-01,40,Yuri Buenaventura,spotify:artist:7FIeKWN0FTtzvQ1i7Z1aTx,9,-4.71,0,0.11,0.47,0.00518,0.0846,0.834,102.221,268493,4
spotify:track:5jAvZlrknZT8rZlMVUsKvL,Salsa Colombiana,Tal Para Cual,32 Grandes Exitos,2003-02-14,46,Joe Arroyo,spotify:artist:7BFnoFhJjLWcsqmN3Hizqg,7,-8.216,1,0.0377,0.173,2.4e-06,0.0782,0.842,118.363,276200,4
spotify:track:26ucR33snMkRD6JExhoD6I,Salsa Colombiana,Una Aventura,The Best,1988,62,Grupo Niche,spotify:artist:1zng9JZpblpk48IPceRWs8,0,-10.935,1,0.0365,0.275,0.00241,0.121,0.731,92.855,316093,4
spotify:track:6cFecmNzTj6MSV4aIYcCHg,Salsa Colombiana,Micaela,"Viejoteca en Tiempo de Salsa, Vol. 6",1966,0,Sonora Carruseles,spotify:artist:34qU0b0yRjEzRJtknerEDS,0,-6.888,1,0.053,0.364,0.00272,0.0793,0.937,179.592,284707,4
spotify:track:0OwS05mubfyTnplfP8rMwu,Salsa Colombiana,Noche de Arreboles,32 Grandes Exitos,2003-02-14,41,Joe Arroyo,spotify:artist:7BFnoFhJjLWcsqmN3Hizqg,2,-4.11,1,0.0679,0.784,5.98e-05,0.0822,0.767,95.717,245453,4
spotify:track:6jly2CevRmnMbmU2R1cm1e,Salsa Colombiana,Sobre las Olas,Grandes Hits - Latin Brothers,1975,4,The Latin Brothers,spotify:artist:2AiZXMqpVlCDnz3trZbWaK,5,-5.254,1,0.051,0.372,0.00041,0.0706,0.928,107.834,204160,4
spotify:track:3wBuU391TaEr9NEPkN1e1j,Salsa Colombiana,Gotas De Lluvia,Siempre Una Aventura,1990,51,Grupo Niche,spotify:artist:1zng9JZpblpk48IPceRWs8,4,-3.946,0,0.0375,0.701,0.00019,0.0565,0.688,97.276,354973,4
spotify:track:60Fl49DuNUh6LIUwHM7Mni,Salsa Colombiana,Cachondea,14 Cañonazos Bailables 2001,2000,57,Fruko Y Sus Tesos,spotify:artist:5aAlzehdUM14I4ppq24Xob,7,-8.441,1,0.049,0.185,0.000917,0.289,0.915,113.842,297333,4
spotify:track:3bpqoOSDwdaK003DPMvDJQ,Salsa Colombiana,Soledad,La-33,2004-12-04,49,La-33,spotify:artist:1Y2yzHPbBWZouNYTOGFq7u,8,-4.671,1,0.0514,0.75,0,0.0595,0.896,95.045,285547,4
spotify:track:6SWClwPHq90nsCt7fsEPuV,Salsa Colombiana,Patrona de los Reclusos,Soundway presents Colombia! (The Golden Age of Discos Fuentes. The Powerhouse of Colombian Music 1960-76),2007,32,The Latin Brothers,spotify:artist:2AiZXMqpVlCDnz3trZbWaK,7,-8.334,1,0.0644,0.0658,0.0348,0.0297,0.723,99.184,373107,4
spotify:track:05kD5WmBvDqHDvBciv0PiT,Salsa Colombiana,En Barranquilla Me Quedo,Colombian Street Party,2014-04-17,0,Joe Arroyo,spotify:artist:7BFnoFhJjLWcsqmN3Hizqg,1,-8.535,1,0.0435,0.0775,0.000579,0.0909,0.689,103.868,312720,4
spotify:track:58faeNlN41kHtSw5ks3jWu,Salsa Colombiana,Raquel,Perfume de Paris,1990-09-21,2,La Misma Gente,spotify:artist:4q3sKRFsDPs82sKriW34mJ,0,-9.087,1,0.0538,0.566,0.000104,0.314,0.735,169.102,305827,4
spotify:track:3uzuhX2qGvWN1XbqXWsx1v,Salsa Colombiana,Vendedora de Amor,Aqui Estoy,1990,39,Moncho Santana,spotify:artist:2JqEiy0aIziuAupest70fk,11,-6.542,0,0.0385,0.749,5.4e-06,0.128,0.897,88.151,275627,4
spotify:track:6eDCSWJCEnGgyvkL5r4bKT,Salsa Colombiana,Sobredosis,"Música Tropical de Colombia, Vol. 10",1987,0,Los Titanes,spotify:artist:4dboOLuCgBpq31GG6xov2S,7,-6.468,0,0.0396,0.472,0.00149,0.138,0.958,168.868,249879,4
spotify:track:78YTS11VFlUrv1zmNyV6A7,Salsa Colombiana,Pa'l Bailador,Antología Musical de Joe Arroyo (Volumen 2),1965,1,Joe Arroyo,spotify:artist:7BFnoFhJjLWcsqmN3Hizqg,1,-5.604,1,0.0495,0.614,0.000301,0.32,0.961,102.159,270301,4
spotify:track:033vO3yfYViqWIKo8BdrTK,Salsa Colombiana,Castigala,14 Cañonazos Bailables 2001,2000,30,Los Nemus Del Pacifico,spotify:artist:58JENxULlTFsqJb5l2Nb50,10,-7.549,0,0.0458,0.164,0.0709,0.0544,0.856,92.752,276533,4
spotify:track:6qCdQyVXZidUe9KSbX45dg,Salsa Colombiana,La Salsa la Traigo Yo,La Salsa la Traigo Yo,2003,2,Sonora Carruseles,spotify:artist:34qU0b0yRjEzRJtknerEDS,5,-4.834,0,0.0328,0.152,0.104,0.226,0.907,113.406,260120,4
spotify:track:0Sv9GZus14o4AwvXb8CeYs,Salsa Colombiana,Sentimiento Caleño,Salsa Pa Rato,2014-05-02,35,Tromboranga,spotify:artist:1d8flZp4PgQ17KR7RjtlJP,5,-4.455,1,0.0339,0.561,1.07e-06,0.169,0.767,90.541,332200,4
spotify:track:6jQeAqkvJfT27Mk87kPlVk,Salsa Colombiana,Ron Pa' Todo el Mundo (feat. Diomedes Díaz),El Rey Del Congo De Oro,2000,37,Joe Arroyo,spotify:artist:7BFnoFhJjLWcsqmN3Hizqg,0,-5.37,0,0.0377,0.756,3.68e-06,0.22,0.884,139.143,260440,4
spotify:track:1U46h3Bu03yIwyFaKHALmf,Salsa Colombiana,Del Montón,"Colección Oro de la Salsa, Vol. 2",1978,0,La Sonora Dinamita,spotify:artist:13or1Wf6ipcvSIiurZATvw,2,-5.63,1,0.0446,0.198,1.31e-05,0.0989,0.689,89.147,201062,4
spotify:track:7ycF9ruw3EKOxY2lgKN5Ks,Salsa Colombiana,Sabre Olvidar,32 Grandes Exitos,2003-02-14,36,Joe Arroyo,spotify:artist:7BFnoFhJjLWcsqmN3Hizqg,0,-8.17,1,0.0867,0.471,0.000101,0.0841,0.86,127.045,255440,4
spotify:track:5RcVFqQ5EEmKJMwhu8IM40,Salsa Colombiana,Quiereme,Quiereme,2018-05-06,31,orqueta la identidad,spotify:artist:2pZ7ZPOgXmKQvCbBNWobfw,3,-10.81,1,0.048,0.501,0.000212,0.0542,0.83,86.694,244692,4
spotify:track:6258We1xSV3M2oLVMwhirP,Salsa Colombiana,La Pantera Mambo,La-33,2004-12-04,49,La-33,spotify:artist:1Y2yzHPbBWZouNYTOGFq7u,0,-6.321,1,0.0383,0.474,0.0012,0.0555,0.819,99.992,374840,4
spotify:track:0uub4RZQaDYpziNCEIKgKM,Salsa Colombiana,Conmoción,La Cara del Gato,2010-08-04,28,Conmoción Orquesta,spotify:artist:2IStcUgrPfLfTXDjrhdjnd,0,-12.407,0,0.0853,0.504,0,0.164,0.921,104.99,300559,4
spotify:track:4nlg1iDjTZJgKK3PaWKEx5,Salsa Colombiana,La Candela - Salsa,La Candela (Salsa),2016-12-18,16,La Otra Banda,spotify:artist:0ROPXillH7mkRhDQvdeXPs,0,-6.422,0,0.0479,0.649,0.0501,0.101,0.853,111.948,345240,4
spotify:track:3zV54TnctXFCTLdg51mAVL,Salsa Colombiana,Cada Dia Que Pasa,A Fondo Con...Guayacan Orquesta,2012-04-21,1,Guayacán Orquesta,spotify:artist:2pZ81eCkqxemIjqqfE1fhE,10,-5.044,0,0.0378,0.146,2.77e-06,0.144,0.619,89.975,295497,4
spotify:track:3qE6fNreE4dPFlheCoHzEc,Salsa Colombiana,Beso a Beso,"Mano A Mano de la Salsa, Vol. 1: Grupo Galé vs. Grupo Niche",2007-02-01,42,Grupo Galé,spotify:artist:4152ZUds7gXsqYQexUonDP,0,-3.86,0,0.041,0.488,4.13e-06,0.0471,0.943,170.917,284920,4
spotify:track:1taKI4j9XETogvTKxoJYxe,Salsa Colombiana,La Pollera Colorá,Wild Salsa - Tropical Party,2002,0,Fruko Y Sus Tesos,spotify:artist:5aAlzehdUM14I4ppq24Xob,5,-5.535,1,0.0366,0.578,0.0211,0.0488,0.963,97.87,286760,4
spotify:track:43zdSGprJL0dg6cBQbwftd,Salsa Colombiana,Dale al Bombo,Historia de la Salsa en el Siglo XX (Vol. 3),1975,0,The Latin Brothers,spotify:artist:2AiZXMqpVlCDnz3trZbWaK,8,-7.192,1,0.0921,0.281,3.14e-05,0.0259,0.918,109.172,223267,4
spotify:track:5FxKvyL6UUXyU507veSIPY,Salsa Colombiana,Yo No,Yo No,2017-11-10,15,Guarango,spotify:artist:3nfaxDx2fmcPxNcnnebDhZ,0,-5.411,1,0.0426,0.443,0.000347,0.0665,0.952,82.03,203523,4
spotify:track:2AzJDIs4hDFvARTcTRGj0a,Salsa Colombiana,Maria Canela,Hacerlo Bien,2000,40,Cesar Mora,spotify:artist:0xR68AyQA5b3scD6PB8RPS,7,-4.71,0,0.0409,0.358,0,0.318,0.938,146.022,302320,4
spotify:track:3WyCqAwE7P6OgWGGd9sW1r,Salsa Colombiana,Ayúdame Inspiración,Ayúdame Inspiración,2018-04-20,42,Maite Hontelé,spotify:artist:1Pe4MoTbike2NZeexUUBrU,0,-7.378,1,0.0951,0.436,1.84e-05,0.144,0.732,97.088,247505,4
spotify:track:78ntwzvjylG0NiEaoe6cKl,Salsa Colombiana,Barranquillero Arrebatao,"Intimamente, Lo Mejor De...",2011-07-13,0,Fruko Y Sus Tesos,spotify:artist:5aAlzehdUM14I4ppq24Xob,2,-8.431,1,0.0421,0.172,0.00213,0.0476,0.748,90.727,260867,4
spotify:track:0q2MIxHk2eVMAKE2Chs1Ku,Salsa Colombiana,Llorarás,Salsangroove,2016-11-04,0,Salsangroove,spotify:artist:6Hw8INToSfJFmHYEeQDFVb,1,-7.225,0,0.0653,0.31,0.00271,0.108,0.529,93.024,379355,4
spotify:track:5YfqVqJwjxiyhxvofbCnHp,Salsa Boricua,Conteo Regresivo - Salsa Version,Contraste En Salsa,2008-07-21,61,Gilberto Santa Rosa,spotify:artist:27vNK840zYq6IfDijHPsv1,8,-6.162,1,0.0803,0.778,0,0.069,0.96,163.905,266787,4
spotify:track:5giBWdb2pJwFl3avFUKGXj,Salsa Boricua,Fabricando Fantasías - Salsa Version,Oro Salsero,2010-01-01,54,Tito Nieves,spotify:artist:4vOycwLXdkMMzpZW04VW5m,9,-3.523,1,0.0413,0.26,0,0.0936,0.931,91.291,274653,4
spotify:track:6jCo1ni2ikRL8DWuegc92I,Salsa Boricua,Tu Con El,Oro Salsero,1994-01-01,62,Frankie Ruiz,spotify:artist:4dLvccxeQIM5u80Ri0u9OV,7,-5.647,1,0.0498,0.181,0.000691,0.298,0.947,95.331,303307,4
spotify:track:3dUOVExxPh0nmE6DtYVWIE,Salsa Boricua,Amores Como el Nuestro,Cuenta Conmigo,1992-05-19,56,Jerry Rivera,spotify:artist:7wOZy3KdFVVINgNFFxkxwO,0,-11.839,1,0.0483,0.57,0.0432,0.0788,0.651,179.47,302093,4
spotify:track:14ZtWHRc05sX1qy4dL89ID,Salsa Boricua,Casi Te Envidio,Serie Millennium,1999-01-01,43,Andy Montañez,spotify:artist:6RMWFexOHVj5ctezneQH5v,7,-5.815,1,0.0705,0.445,0,0.0711,0.891,95.658,320467,4
spotify:track:05K2YWeCYYBgPWFj8TT4uK,Salsa Boricua,Conciencia,El Caballero De La Salsa - La Historia Tropical,2009-02-10,56,Gilberto Santa Rosa,spotify:artist:27vNK840zYq6IfDijHPsv1,10,-6.873,1,0.0414,0.542,6.05e-06,0.083,0.887,176.617,333280,4
spotify:track:6VQ2fI8goSX8mpSvytXkXR,Salsa Boricua,Idilio,Mis Favoritas,2010-06-07,65,Willie Colón,spotify:artist:7x5Slu7yTE5icZjNsc3OzW,5,-8.309,0,0.0398,0.552,0.00622,0.085,0.904,93.979,308693,4
spotify:track:4hgk2iBQfSupmzye4LfTQE,Salsa Boricua,De Mí Enamórate,The Greatest Salsa Ever,2008-01-01,48,Tito Nieves,spotify:artist:4vOycwLXdkMMzpZW04VW5m,2,-6.232,0,0.0352,0.69,1.95e-05,0.0753,0.752,94.38,309840,4
spotify:track:5Ba4YFq13YdsTosd7mwqzi,Salsa Boricua,Lluvia,De Verdad,1996-02-19,61,Eddie Santiago,spotify:artist:5Wg6XnPTp0xXxFCjywwR9I,10,-7.895,1,0.0378,0.503,3.43e-05,0.0787,0.77,165.048,296920,4
spotify:track:1FcUm2UbruVWMqQxzDhRWH,Salsa Boricua,Siempre Seré,Exitos y Más,2007-08-21,54,Tito Rojas,spotify:artist:2kgCV0fFS0wt3q6M5B39nH,0,-6.289,0,0.031,0.138,0,0.355,0.901,165.447,324467,4
spotify:track:236qXqcmitHCZ3SHoGZN8g,Salsa Boricua,He Tratado,Exitos de Victor Manuelle,1993,63,Víctor Manuelle,spotify:artist:4N5fp4zhTsVITZTVfsXpc2,5,-6.173,0,0.074,0.376,4.09e-05,0.165,0.907,90.628,303133,4
spotify:track:2HbmLkHkkI15eES8kpWRuI,Salsa Boricua,Ven Devórame Otra Vez,Oro Salsero,1994-01-01,60,Lalo Rodriguez,spotify:artist:5LmwELEKyxDFxrbZzR8K4U,5,-9.28,0,0.0438,0.667,8.62e-05,0.276,0.961,83.778,311400,4
spotify:track:0LIZVQBQtDi4lLhB83qJIp,Salsa Boricua,Vivir Lo Nuestro,Desde Un Principio / From The Beginning,2006-01-01,55,INDIA,spotify:artist:3NIZFmehJM8YiGpCdihlck,10,-6.448,0,0.0433,0.592,0,0.919,0.802,91.158,366200,4
spotify:track:5MhLjE5KvAfqFx8hxQi3eW,Salsa Boricua,Aparentemente,En Concierto,2008-07-24,52,Tony Vega,spotify:artist:3Yg61bt7pZYX1bbMXEj8oY,0,-9.308,1,0.0405,0.177,1.34e-05,0.131,0.651,182.664,449640,4
spotify:track:4hw32LMr5RoeKQl0Kvh20e,Salsa Boricua,Casi un Hechizo,Mis Favoritas,2010-06-08,55,Jerry Rivera,spotify:artist:7wOZy3KdFVVINgNFFxkxwO,0,-3.052,1,0.0409,0.714,1.18e-05,0.0541,0.839,92.992,222947,4
spotify:track:0gVmUkRX09cY5uNPSI74JC,Salsa Boricua,Tengo Ganas,Historia De Un Sonero,2008-07-21,52,Víctor Manuelle,spotify:artist:4N5fp4zhTsVITZTVfsXpc2,9,-3.631,0,0.0376,0.201,0,0.205,0.88,93.31,266173,4
spotify:track:1OIfhmTXZWuKLibFKe5RFd,Salsa Boricua,Tú Me Vuelves Loco,Frankie Ruiz Gold,2006-01-01,42,Frankie Ruiz,spotify:artist:4dLvccxeQIM5u80Ri0u9OV,7,-5.863,1,0.032,0.259,0,0.0692,0.951,92.065,295667,4
spotify:track:0amRhMUb9wYrDOmSD938AQ,Salsa Boricua,Tu Vida en la Mía,Tu Vida en la Mía,2019-02-21,10,Marc Anthony,spotify:artist:4wLXwxDeWQ8mtUIRPxGiD6,2,-3.16,1,0.0339,0.37,0.000309,0.373,0.851,93.528,373200,4
spotify:track:3fRIuTih8bzc0vtY9fHhvF,Salsa Boricua,Talento De Televisión,Mis Favoritas,2010-06-07,69,Willie Colón,spotify:artist:7x5Slu7yTE5icZjNsc3OzW,2,-6.675,1,0.0434,0.701,3.99e-05,0.0636,0.938,104.947,279320,4
spotify:track:3tdWq4q1FF9SSSDdnbfNWS,Salsa Boricua,Lo Mío Es Amor,En Concierto,2008-07-24,49,Tony Vega,spotify:artist:3Yg61bt7pZYX1bbMXEj8oY,7,-5.849,0,0.0353,0.0936,0,0.912,0.691,89.571,420040,4
spotify:track:7asA65gTrIQW706DL39dLP,Salsa Boricua,Mi Mayor Venganza,The Greatest Salsa Ever,2008-01-01,1,INDIA,spotify:artist:3NIZFmehJM8YiGpCdihlck,7,-7.895,1,0.057,0.577,3.32e-05,0.189,0.764,169.983,318133,4
spotify:track:60HG3jOvvG7XITdy6F06el,Salsa Boricua,Fuego En El 23,Fuego En El 23,1969,4,Sonora Ponceña,spotify:artist:39qcQ01yJQbaMje70kIiFa,7,-6.339,0,0.0353,0.54,0.000562,0.708,0.837,92.033,284653,4
spotify:track:6p8Dt5ofRsmwhBSYhDwMRS,Salsa Boricua,Arroz Con Habichuela,Arroz Con Habichuela,2006,50,El Gran Combo De Puerto Rico,spotify:artist:6nnspeopmJAG07xOxHmqTu,10,-6.521,0,0.0598,0.298,0.00027,0.0561,0.907,138.244,356640,4
spotify:track:5yGzJ9gphxtII2eoI1Qj9t,Salsa Boricua,Loco Pero Feliz,Calle Linda (Golden Edition),2015-11-20,43,Pirulo y la Tribu,spotify:artist:7yUFtMptVtCtg3vIR018vO,2,-4.205,1,0.0352,0.387,1.01e-06,0.195,0.834,101.103,383040,4
spotify:track:6PT8TupAmSIP42aOj7TQLk,Salsa Boricua,Cinco Noches,The Greatest Salsa Ever,2008-05-20,35,Paquito Guzman,spotify:artist:4JtUybFExZ5dbq3GyYwRE5,1,-4.784,0,0.0434,0.487,0.000622,0.192,0.917,97.362,310133,4
spotify:track:3Hv1DCU3Z0mPJa7UjqD0IG,Salsa Boricua,Periodico De Ayer,De Ti Depende,1976,4,Héctor Lavoe,spotify:artist:7opp16lU7VM3l2WBdGMYHP,5,-7.181,0,0.0294,0.364,0.134,0.128,0.583,98.405,407373,4
spotify:track:0EvqtUYBpFOtAGrfWI2DtL,Salsa Boricua,Payaso,Oro Salsero,1994-01-01,41,Andy Montañez,spotify:artist:6RMWFexOHVj5ctezneQH5v,2,-10.265,1,0.0402,0.223,0,0.069,0.839,108.105,280333,4
spotify:track:6lTJ6lfPSvgNc2JNL8DVam,Salsa Boricua,Como Lo Hacen,12 Favoritas,2013-01-01,38,Frankie Ruiz,spotify:artist:4dLvccxeQIM5u80Ri0u9OV,2,-6.022,1,0.0333,0.182,0,0.0417,0.947,93.123,306667,4
spotify:track:734AX6t02v4SNG1bkhNxT9,Salsa Boricua,El Menú,20th Anniversary,1982,44,El Gran Combo De Puerto Rico,spotify:artist:6nnspeopmJAG07xOxHmqTu,0,-7.491,1,0.042,0.821,0.000226,0.0726,0.737,87.47,252400,4
spotify:track:7kFyyZup2X8HkOjgrj7rn1,Salsa Boricua,Aguzate,La Herencia,2009,1,Richie Ray,spotify:artist:1mX1TP27ndNVthqdB95bMf,9,-9.596,0,0.0377,0.775,0.00943,0.106,0.956,111.05,375600,4
spotify:track:7aegyzkmhZnoO6xvD0BNc5,Salsa Boricua,El Rey De La Puntualidad,Anthology,2012-03-26,1,Héctor Lavoe,spotify:artist:7opp16lU7VM3l2WBdGMYHP,4,-6.565,0,0.0541,0.383,0,0.105,0.879,105.821,402493,4
spotify:track:3vFxhY2ejPkBPPI8tTFB1V,Salsa Boricua,Ese Hombre,Serie Cinco Estrellas,2008-01-01,40,INDIA,spotify:artist:3NIZFmehJM8YiGpCdihlck,9,-9.071,0,0.0781,0.701,0.00017,0.0491,0.628,88.203,279840,4
spotify:track:3AjxOdecZ2eKDL0aOtcYsJ,Salsa Boricua,Cambio de Piel,3.0,2013-07-23,60,Marc Anthony,spotify:artist:4wLXwxDeWQ8mtUIRPxGiD6,0,-3.097,1,0.0409,0.595,4.2e-06,0.115,0.803,163.97,279360,4
spotify:track:6enTchE7OOtatE69v8TMoH,Salsa Boricua,Solo Se Que Tiene Nombre de Mujer,"La Rockola Salsa, Vol. 3",2013-08-28,37,Angel Canales,spotify:artist:4bJWcXUgUrQl4E4ru6VapB,5,-5.244,1,0.0333,0.19,0.00385,0.116,0.899,98.03,319973,4
spotify:track:0TgbqQpWj06HsIREGbJoOi,Salsa Boricua,Salsa Pa' Olvidar las Penas (feat. Gilberto Santa Rosa),25/7,2018-03-23,53,Víctor Manuelle,spotify:artist:4N5fp4zhTsVITZTVfsXpc2,2,-2.989,0,0.128,0.21,0,0.367,0.858,108.564,298307,4
spotify:track:0Az3jAeIEImuTugUp33ajY,Salsa Boricua,El Dia De Suerte,Hector Lavoe El Cantante -The Originals,2009,6,Héctor Lavoe,spotify:artist:7opp16lU7VM3l2WBdGMYHP,0,-5.481,0,0.0478,0.669,0,0.0533,0.953,99.454,327360,4
spotify:track:7BxjRWadxvkrqxC0J3ZHxK,Salsa Boricua,25 Rosas,Serie Millennium 21: Paquito Guzman,1999-09-14,36,Paquito Guzman,spotify:artist:4JtUybFExZ5dbq3GyYwRE5,9,-2.493,1,0.0602,0.304,0.000301,0.0566,0.921,93.512,279107,4
spotify:track:5A32KQZznC2HSqr9qzTl2N,Salsa Boricua,Ahora Quien - Salsa Version,Valio La Pena,2004-07-27,60,Marc Anthony,spotify:artist:4wLXwxDeWQ8mtUIRPxGiD6,4,-4.837,0,0.0782,0.375,0,0.267,0.687,85.1,309587,4
spotify:track:6vuWGCNmi4tXfhHKNoLIgo,Salsa Boricua,Comerte a Besos - Salsa Version,Siempre Frankie (greatest hits),2003-10-21,40,Frankie Negrón,spotify:artist:3QPEwHBLL8xX8p8HaT4S16,11,-5.214,0,0.0698,0.372,0,0.421,0.657,97.747,269800,4
spotify:track:54vVFWhoMG7LMfmRPTqijM,Salsa Boricua,Anacaona,Cheo,1971,3,Cheo Feliciano,spotify:artist:1Ypa8o8muvDcgOt1YYtcOC,5,-7.862,0,0.0361,0.442,0.0052,0.0645,0.945,97.692,253253,4
spotify:track:67hHhKVp67fqRwE0OehlnX,Salsa Boricua,Señora De Madrugada,A Mi Estilo...,2006-04-05,48,Tito Rojas,spotify:artist:2kgCV0fFS0wt3q6M5B39nH,0,-9.085,1,0.0327,0.625,9.74e-06,0.0489,0.95,177.367,349600,4
spotify:track:6StCDpEBmF9pWy9dFlMUO6,Salsa Boricua,Ya Llegó,Calle Linda (Golden Edition),2015-11-20,35,Pirulo y la Tribu,spotify:artist:7yUFtMptVtCtg3vIR018vO,0,-3.942,1,0.0566,0.196,0,0.306,0.571,106.052,286053,4
spotify:track:19NriYaLQJIg06NkYlontw,Salsa Boricua,Fuego A La Jicotea,Oro Salsero,1994-01-01,0,Marvin Santiago,spotify:artist:76h2ycGFYaAFYQgqdoOvVE,2,-2.072,1,0.0575,0.424,0.00198,0.285,0.965,103.492,201600,4
spotify:track:2ZyTUDRlkjxFRtKntSVacO,Salsa Boricua,El Apartamento,Back To The Future,1999,42,Willie Rosario,spotify:artist:24qSVomYxpfAFwzBnKCc8J,4,-5.08,0,0.0462,0.264,3.08e-05,0.104,0.905,98.699,258800,4
spotify:track:0OFAo20H6VUQB78GyLoJQJ,Salsa Boricua,No Tires La Primera Piedra,"Rodven Clasico: Tommy Olivencia Y Su Orquesta ""30 Aniversario""",1987-01-01,41,Tommy Olivencia,spotify:artist:38fLjRT1W1x3RR6SWWxL0x,4,-3.926,0,0.0438,0.546,8.04e-05,0.117,0.727,97.709,296227,4
spotify:track:6gYLCs30lF3q7RdgXZ8hK0,Salsa Boricua,El Nazareno,Ismael Rivera - Greatest Hits,2009,2,Ismael Rivera,spotify:artist:788HzQOFhN3mcDo0InBqbJ,0,-14.598,0,0.0582,0.097,0.000341,0.339,0.943,89.412,341107,4
spotify:track:1FwYfo29z5IU4WADsfLaEC,Salsa Boricua,La Esencia del Guaguancó,La Perfecta Combinación (Fania Original Remastered),2010-09-07,1,Johnny Pacheco,spotify:artist:09947uhj2ZwU9mFXK5v50o,2,-6.939,0,0.045,0.702,1.63e-05,0.0799,0.955,88.105,246693,4
spotify:track:461r8m7wxs4hpc5aVKYRd3,Salsa Boricua,Mi Ritmo Es Bueno,Rey Del Bajo,1974,2,Bobby Valentin,spotify:artist:7nJ3uKCT4lPwDJSRZzBlss,9,-9.848,0,0.081,0.705,0.000187,0.108,0.851,96.416,346307,4
spotify:track:5HUQRpjXwRKcXGqxTaO7ld,Salsa Boricua,Vamonos Pal Monte,Vamonos Pal' Monte,2009,3,Eddie Palmieri,spotify:artist:2VviFtXYreO6Zn9n8Ibk6C,7,-5.86,0,0.135,0.404,0.838,0.0945,0.686,110.673,426747,4
spotify:track:3MWSPHadFR8XMZd00NMgM5,Salsa Boricua,Que Se Sepa,Roberto Roena y su Apollo Sound,2009,3,Roberto Roena,spotify:artist:4i5rDrP2IqCdMgde0vIpyB,9,-5.182,0,0.042,0.64,5.59e-06,0.0646,0.969,117.01,196227,4
spotify:track:4IDiFHGCutb8eNZYEBxHOV,Salsa Cubana,Después de todo,Chapeando,2006,41,Juan Formell y Los Van Van,spotify:artist:1qekCz7F0WsQICLJSVlmpy,2,-9.875,0,0.0671,0.267,7.97e-05,0.305,0.547,88.353,368720,4
spotify:track:0Kx8QEE82QMZ8l5kXZkTot,Salsa Cubana,Yo Siempre Llamo La Fiesta,"Salsa 2018 [18 Salsa Latin Hits (Salsa Romántica, Urbana, para Bailar)]",2018-02-16,3,Marquetti & Habana Swing,spotify:artist:11LSiCXg3ebj6QFUZ2tMN6,7,-3.234,1,0.132,0.314,0,0.096,0.779,108.055,238160,4
spotify:track:5DPfEdyjJpt1PpFOKSAcW3,Salsa Cubana,¿Dónde va Chichi?,Tibiri Tabara,1997-11-03,3,Sierra Maestra,spotify:artist:04azg2bFlSz46nOe03VY2w,9,-9.258,1,0.0386,0.0996,0.00023,0.0502,0.838,116.183,313133,4
spotify:track:0NLreGlwATS3wQOtDDtO2H,Salsa Cubana,La Cosa Mala,De Vuelta al Barrio,2018-05-10,44,El Niño y la Verdad,spotify:artist:5iarY4wc4dUF6b4SbDT95n,9,-2.94,0,0.0532,0.626,9.94e-06,0.0588,0.915,97.521,346027,4
spotify:track:5evx5is4W5iLY7A5zv82Ut,Salsa Cubana,Qué Pasa Loco,Grandes Exitos Vol. 1,2000-01-01,46,Issac Delgado,spotify:artist:2NssDL7cTwvfQm01xvepBQ,0,-9.011,1,0.0578,0.252,1.04e-05,0.0676,0.961,87.739,378013,4
spotify:track:7I9d2fIkGK7r4Wjv4p2EJW,Salsa Cubana,Agua De Clavelito,Los Amigos,2009,2,Johnny Pacheco,spotify:artist:09947uhj2ZwU9mFXK5v50o,5,-8.472,1,0.042,0.727,0.0332,0.154,0.639,102.487,382360,4
spotify:track:2qudLQVpY4JV1eq7ned5v1,Salsa Cubana,Amor Verdadero,A Toda Cuba Le Gusta,1997,7,Afro-Cuban All Stars,spotify:artist:5cvnQ2gtwZraxeE99Y8aOg,2,-11.803,1,0.0395,0.353,6.02e-06,0.29,0.745,136.552,398893,4
spotify:track:7m5hbyERUKJC0268b6uEZD,Salsa Cubana,Guantanamera,Celia,2015-10-02,9,Celia Cruz,spotify:artist:2weA6hhVqTIN2gSn9PUB9U,10,-5.241,1,0.0349,0.833,0.0242,0.131,0.905,143.542,199317,4
spotify:track:5ZHl4CqFicHJWkUrt8nQST,Salsa Cubana,Consumelo,Consumelo,2018-09-27,40,TIMBALIVE,spotify:artist:5skRgtmxRx7ukwds6UlS7R,4,-3.257,0,0.0444,0.497,1.98e-05,0.184,0.761,89.986,281893,4
spotify:track:46vkxSDE2mKEDjRjt48gUj,Salsa Cubana,Me Quedo Contigo,Me Quedo Contigo,2018-05-04,41,Leoni Torres,spotify:artist:1XXUv8GRyRqOXVuDwB5QaS,10,-5.729,1,0.037,0.672,1.15e-05,0.0903,0.878,97.507,201231,4
spotify:track:5DYdF6YsSaXFdnrLe4XSUS,Salsa Cubana,Que Tiene Que Te Mueve,Que Tiene Que Te Mueve,2019-04-05,40,Maykel Blanco Y Su Salsa Mayor,spotify:artist:20dWMesxpdRWQifq11soyp,4,-3.552,0,0.051,0.457,1.12e-05,0.081,0.899,105.799,332706,4
spotify:track:0txizV883uXWqJEyxxJHrp,Salsa Cubana,Marcando La Distancia,Latino! Greatest Hits - 56 Latin Top Hits (Original Versions!),2009-12-01,27,Manolito Simonet y su Trabuco,spotify:artist:0Wd6h9C5ZYMexAYGM7BKwR,9,-2.727,0,0.0385,0.692,0.000204,0.246,0.903,94.998,341133,4
spotify:track:0id4prYPcy8PkGkbWy4bcP,Salsa Cubana,El Negro Esta Cocinando,Llego... Van Van,2003,43,Los Van Van,spotify:artist:4B5PkQ1wMjo1siTN9yD9Ds,0,-4.467,1,0.0701,0.111,7.05e-05,0.373,0.906,108.088,328253,4
spotify:track:3Rjc14RoRucHhEWvv3W3xW,Salsa Cubana,La Vida Es Un Carnaval,Mi Vida Es Cantar,2016-05-06,12,Celia Cruz,spotify:artist:2weA6hhVqTIN2gSn9PUB9U,8,-6.191,1,0.0722,0.439,0.00107,0.236,0.843,104.005,275253,4
spotify:track:14JmB4k9tBUcS5MYbi8y1M,Salsa Cubana,Pasaporte,Pasaporte,2013-03-01,48,Alexander Abreu,spotify:artist:2YnskQkgb6kTSXh9YcNzgu,4,-5.304,0,0.104,0.418,0,0.167,0.694,84.552,300452,4
spotify:track:0NkBKaWhqR1KN67bUPlvYp,Salsa Cubana,El Cuarto De Tula,Buena Vista Social Club,1997-09-16,16,Buena Vista Social Club,spotify:artist:11kBu957KTYoAltZHDm8gW,9,-12.51,1,0.0454,0.637,0.000107,0.263,0.874,104.299,445458,4
spotify:track:3bpJ7IwjJtyTIf6clZ9GUl,Salsa Cubana,Amiga Mia,Legado,2018-04-07,42,Formell y los Van Van,spotify:artist:7CyI9iSxzxeZssDSrQv8Z4,5,-5.108,1,0.0349,0.311,7.96e-05,0.0503,0.756,93.496,380485,4
spotify:track:6vj4z8xXfG2qKpfT5je3uk,Salsa Cubana,Suma y Resta,Suma y Resta,2018-05-04,49,El Micha,spotify:artist:0d7jzRhjOifL8X9hxNvbEn,7,-3.812,1,0.158,0.242,0,0.0867,0.733,104.977,188365,4
spotify:track:3rhuPie2HVWD1yJ8NASOCV,Salsa Cubana,Ya Tú No Coronas,Que Tiene Que Te Mueve,2019-04-05,43,Maykel Blanco Y Su Salsa Mayor,spotify:artist:20dWMesxpdRWQifq11soyp,2,-3.271,1,0.0417,0.586,0.000117,0.272,0.84,99.816,289220,4
spotify:track:5M7SeoXBCxjNdP6R7Rb6y1,Salsa Cubana,La Boda de Belén,Grandes Éxitos,2003,47,Manolito y Su Trabuco,spotify:artist:2UKgoW1uMnooKQtjLjnAWW,7,-7.156,0,0.0335,0.548,0.000104,0.191,0.87,90.11,326720,4
spotify:track:621LLhcTYkEbt1fwJuSdWi,Salsa Cubana,"Temba, Tumba, Timba",Llego... Van Van,2003,43,Los Van Van,spotify:artist:4B5PkQ1wMjo1siTN9yD9Ds,2,-3.664,1,0.0517,0.375,0,0.502,0.965,102.652,288507,4
spotify:track:4ItkEkRhVjPdBDO7lT4hRH,Salsa Cubana,Mala jujer,Coleccion de Oro,2001-01-15,52,La Sonora Matancera,spotify:artist:01p7Homi0d4XxZ06f2NYYD,9,-10.642,0,0.0425,0.712,1.02e-05,0.0645,0.862,88.778,232333,4
spotify:track:0ZjAqYRECVtph1ros7fEW7,Salsa Cubana,¡UEA!,¡Uea!,2019-01-16,38,Elito Revé y su Charangón,spotify:artist:2hIYHAObXRLZ2WVUJZ499Z,11,-2.751,0,0.0902,0.702,0,0.0766,0.914,100.117,295211,4
spotify:track:4P2VLqOAJrA3ZoaYWSG0Co,Salsa Cubana,Arriba de la bola,Grandes éxitos,2014-05-19,36,"Manolín, El Médico De La Salsa",spotify:artist:1FfJF5xoAMmermBUVxoEYV,8,-12.688,1,0.058,0.717,0.000359,0.0821,0.75,101.345,310079,4
spotify:track:4O2n55oM8HNE2UnHaZYo5h,Salsa Cubana,"La Farandula de Miami (feat. ""Los 4"")",Gasolina De Avion,2016-05-13,38,TIMBALIVE,spotify:artist:5skRgtmxRx7ukwds6UlS7R,1,-3.211,1,0.0467,0.677,1.89e-06,0.181,0.816,106.007,343868,4
spotify:track:3hvEz1pPkgtJ513tebSHZt,Salsa Cubana,Dale Lo Que Lleva,"Latin Hits 2014 Club Edition (Kuduro, Salsa, Bachata, Merengue, Reggaeton, Fitness, Mambo, Timba, Cubaton, Dembow, Cumbia)",2013-12-09,2,Maykel Blanco Y Su Salsa Mayor,spotify:artist:20dWMesxpdRWQifq11soyp,4,-4.955,0,0.0678,0.532,2.68e-06,0.0841,0.901,175.739,302707,4
spotify:track:402ciMtssNFzHU92t6Kxql,Salsa Cubana,Caramelo Con Picante,Caramelo Con Picante,2015-01-01,41,Lazarito Valdés y Bamboleo,spotify:artist:3fJrul3T6vJ0XCvbYsSRGQ,5,-5.703,0,0.0584,0.439,0,0.0991,0.962,179.882,336096,4
spotify:track:0M447oJEDm0pE8QDqbQlfi,Salsa Cubana,Esa Soy Yo,La Aplanadora de Cuba,2014-07-14,40,Elito Revé y su Charangón,spotify:artist:2hIYHAObXRLZ2WVUJZ499Z,1,-4.462,1,0.0585,0.661,1.62e-06,0.061,0.767,87.5,303880,4
spotify:track:1bSiJ7JmdJJP5ycPfqLivI,Salsa Cubana,Esto te pone la cabeza mala,Te pone la cabeza mala,1997-01-01,42,Los Van Van,spotify:artist:4B5PkQ1wMjo1siTN9yD9Ds,9,-5.555,0,0.0401,0.241,1.87e-05,0.268,0.9,102.299,248999,4
spotify:track:0O8Gf1dTGNbEaSYSGk1pcS,Salsa Cubana,Que Bueno Baila Usted,The Most From Beny More,1965,40,Beny Moré,spotify:artist:1Sp47peMTI9na8FTY4yHJw,5,-9.712,1,0.107,0.855,0.0152,0.0958,0.588,172.23,196933,4
spotify:track:5YkbsYoT60QOccHeKbDnUY,Salsa Cubana,Historia de un Amor,Latin Trumpets - Bolero,2008-10-14,47,Leo Marini,spotify:artist:3Y5vifXLGyyHfY99BH73Ld,7,-12.989,0,0.112,0.717,0.000459,0.123,0.749,119.105,168867,4
spotify:track:2AMQZ5IupHljTDOH44Nx2s,Salsa Cubana,Me Dicen Cuba,Me Dicen Cuba / Rosa la Peligrosa,2013-11-01,47,Alexander Abreu,spotify:artist:2YnskQkgb6kTSXh9YcNzgu,0,-5.688,1,0.0426,0.102,5.28e-05,0.0835,0.644,93.522,298375,4
spotify:track:4ZgjTLfyE1APbEH0njzRpo,Salsa Cubana,Abreme la puerta,Me Lo Gané,2009-06-23,40,Calle Real,spotify:artist:2e6cE2efCe83qgcAd8mlWU,8,-5.727,0,0.0488,0.442,3.96e-06,0.223,0.907,174.013,394653,4
spotify:track:6kkjqIw1fPYS5XbyJwrrn4,Salsa Cubana,Conmigo No,Con La Musica Cubana No!,2013-10-15,41,TIMBALIVE,spotify:artist:5skRgtmxRx7ukwds6UlS7R,5,-4.731,0,0.04,0.692,5.2e-06,0.119,0.954,168.108,316339,4
spotify:track:665FL9SYPVyf8ZMTvltwam,Salsa Cubana,Al Paso,Legado,2018-04-07,40,Formell y los Van Van,spotify:artist:7CyI9iSxzxeZssDSrQv8Z4,0,-6.429,1,0.041,0.156,0.00165,0.168,0.885,96.024,313296,4
spotify:track:64QyipABOzDwoUFqaEnCvU,Salsa Cubana,Mi Media Mitad,Oro Salsero,1992,64,Rey Ruiz,spotify:artist:1S0uvW1rgvtkNGma9su3fJ,0,-5.818,1,0.033,0.404,1.28e-06,0.278,0.827,154.171,292653,4
spotify:track:5FEbJEYluldTJNZOeAahlC,Salsa Cubana,Candela,Buena Vista Social Club,1997-09-16,15,Buena Vista Social Club,spotify:artist:11kBu957KTYoAltZHDm8gW,9,-14.248,1,0.0382,0.725,2.97e-05,0.142,0.834,100.89,329080,4
spotify:track:3wrWXFOjevPVxPoDS51x6g,Salsa Cubana,Una Mulata En La Habana,"Salsa 2015 - 20 Original Salsa Hits! (Salsa Romántica y Para Bailar: Puertoriqueña, Cubana, Dominicana, Colombiana, Venezolana)",2014-12-16,1,Maykel Blanco Y Su Salsa Mayor,spotify:artist:20dWMesxpdRWQifq11soyp,7,-2.33,1,0.0371,0.612,0,0.111,0.908,97.109,272720,4
spotify:track:2YcNDYWZSBPzwE7OVkTkNj,Salsa Cubana,Disfrazado De Maluma - Salsa Version,Disfrazado De Maluma,2018-05-25,40,Srta. Dayana,spotify:artist:3CeHl9feqxRIV99dtatz6W,4,-4.565,0,0.0457,0.37,3.63e-05,0.0866,0.638,95.03,216000,4
spotify:track:4r4zFb3ZnLUTLh5F3qtzlZ,Salsa Cubana,Vanvaneo,Legado,2018-04-07,36,Formell y los Van Van,spotify:artist:7CyI9iSxzxeZssDSrQv8Z4,7,-5.677,1,0.0401,0.195,1.52e-05,0.199,0.634,95.509,330054,4
spotify:track:1oAWP8Ww5WyqX5ksP504d5,Salsa Cubana,La Habana Me Llama,Control,2008,2,Manolito Simonet y su Trabuco,spotify:artist:0Wd6h9C5ZYMexAYGM7BKwR,4,-3.172,0,0.0449,0.378,0,0.0956,0.807,97.562,278453,4
spotify:track:0FJQWQiCVmazkqIMNZ6jst,Salsa Cubana,Ámame con Tu Experiencia - Remasterizado,Fiestas de Cuba (Remasterizado),2008-02-03,43,Juan Carlos Alfonso y su Dan Den,spotify:artist:25pI6o2nQxbMc6lLXiIGQM,9,-2.402,1,0.057,0.397,4.91e-06,0.155,0.91,168.392,282920,4
spotify:track:35CmU6oPcyuzqxUk1nD5FJ,Salsa Cubana,Usted No Sabe,De Cuba a Perú,2018-05-30,53,Bamboleo,spotify:artist:0RLtwSikzOlGO14oOqYlW4,7,-6.239,1,0.0367,0.141,1.72e-05,0.116,0.554,168,295544,4
spotify:track:18zTUXfM7BvKI7kC2qPvDC,Salsa Cubana,Lo Que Sobra,Que Tiene Que Te Mueve,2019-04-05,34,Maykel Blanco Y Su Salsa Mayor,spotify:artist:20dWMesxpdRWQifq11soyp,2,-3.435,1,0.0403,0.67,5.14e-05,0.0559,0.95,96.901,298192,4
spotify:track:78SjCNhzs9lTIxMzxgVijq,Salsa Cubana,La media hora,La frontera,2019-01-25,35,Barbaro Fines y su Mayimbe,spotify:artist:3U5KffZYriorcfC62Lca43,7,-3.571,0,0.0498,0.453,1.89e-06,0.398,0.905,104.907,379611,4
spotify:track:13gvFt3Eji2xEuCb0PKkMZ,Salsa Cubana,Pa Bravo Yo,Pa Bravo Yo,2009,2,Justo Betancourt,spotify:artist:1Mq5Rgvn4D37tQdwuFL689,10,-6.215,0,0.0385,0.567,0.000413,0.132,0.968,92.031,224827,4
spotify:track:4SjBGbtJz77ximBiOZcIn6,Salsa Cubana,No Me Acostumbro,Oro Salsero,1992,60,Rey Ruiz,spotify:artist:1S0uvW1rgvtkNGma9su3fJ,5,-6.174,0,0.0398,0.642,8.4e-06,0.381,0.927,173.022,289587,4
spotify:track:2OGNgRsvLuSHTUUkrrgc0R,Salsa Cubana,Bailando - Official Salsa Version,Latino 59 presenta: Bailando (Salsa Bachata Merengue Urbano Reggaeton Dembow Fitness),2014-09-25,46,Issac Delgado,spotify:artist:2NssDL7cTwvfQm01xvepBQ,4,-1.387,0,0.0387,0.546,0,0.372,0.892,94.907,273853,4
spotify:track:0dqfl4l45vqw2TnNrnbsy0,Dame Salsa,Parecen Viernes,OPUS,2019-05-10,70,Marc Anthony,spotify:artist:4wLXwxDeWQ8mtUIRPxGiD6,7,-3.575,0,0.0352,0.287,1.53e-05,0.16,0.967,96.499,268440,4
spotify:track:2Jk10he30YnngKi8LoIzwD,Dame Salsa,El Aventurero (with Yeison Jimenez) - Salsa,El Aventurero (with Yeison Jimenez),2020-01-24,55,Josimar y Su Yambú,spotify:artist:25gsQNkL2qTq778NWyughs,10,-5.527,0,0.0359,0.561,6.71e-05,0.232,0.961,95.522,255258,4
spotify:track:7pnPzV2XKnsCtjSLHeWQto,Dame Salsa,Culpable - Remix / Versión Salsa,Culpable (Remix / Versión Salsa),2019-08-15,49,Tutto Duran,spotify:artist:6J5DvhqOWQlM4RcdzePXEZ,11,-3.316,1,0.044,0.426,0,0.171,0.948,95.994,197167,4
spotify:track:3w0IdrfXrlmvESogOesvOf,Dame Salsa,Cobarde,Cobarde (feat. Sergio George),2020-01-31,60,Yahaira Plasencia,spotify:artist:7GEHoJXxJ6wnS8dbgm0b1E,7,-3.057,0,0.0323,0.476,0,0.478,0.918,96.988,192641,4
spotify:track:6VZ9ABcY9QeQSxOjZwLrVv,Dame Salsa,Mas de Mi,Mas De Mi,2019-05-24,48,Tony Succar,spotify:artist:17S2mEKDY4xHBWCy9kAPzk,2,-3.736,1,0.0517,0.481,7.84e-06,0.0836,0.753,92.397,307320,4
spotify:track:7nDIflSHQXzaa8zupxwv3U,Dame Salsa,Yo No Sé Mañana,Ciclos,2009-05-19,73,Luis Enrique,spotify:artist:2mUI4K6csTQd3jieswcmiI,4,-3.206,0,0.042,0.649,0,0.18,0.733,95.223,259853,4
spotify:track:3AK05RIuu30jqJ40cfOxLD,Dame Salsa,Me Tengo Que Ir,Me Tengo Que Ir,1996-01-10,61,Adolescent's Orquesta,spotify:artist:70nxnxEqDQIEWneRjg2Q4O,2,-4.701,0,0.0362,0.258,0,0.12,0.846,96.831,280189,4
spotify:track:5bccusEjEtnC5cDfWXQ8rf,Dame Salsa,Conciencia,20th Anniversary,1990,63,Gilberto Santa Rosa,spotify:artist:27vNK840zYq6IfDijHPsv1,10,-6.878,1,0.0367,0.539,4.62e-06,0.089,0.891,88.383,333227,4
spotify:track:1TMxv8sfUhU55AC6Ul1PU5,Dame Salsa,Que Locura Enamorarme De Ti,Atrevido Y Diferente,1986,65,Eddie Santiago,spotify:artist:5Wg6XnPTp0xXxFCjywwR9I,10,-7.273,0,0.0428,0.538,8e-06,0.0656,0.968,93.767,308040,4
spotify:track:1BwrMGGhPA6GarWIYaFrW8,Dame Salsa,La Vida Es Un Carnaval,Para La Eternidad,2016-05-27,66,Celia Cruz,spotify:artist:2weA6hhVqTIN2gSn9PUB9U,0,-6.508,0,0.0701,0.489,0.00116,0.294,0.855,104.019,278867,4
spotify:track:3D6kMXn0a5K5LQLuwzmGLV,Dame Salsa,La Ultima Parte,La Ultima Parte,2019-08-16,45,Yiyo Sarante,spotify:artist:2rwLjVHS15sfzciKXXNbgA,5,-7.306,1,0.0407,0.507,9.35e-05,0.28,0.646,177.93,233900,4
spotify:track:0Vvmz449X3tdG8dYbyPl89,Dame Salsa,Hasta Que Me Dé la Gana,25/7,2018-03-23,49,Víctor Manuelle,spotify:artist:4N5fp4zhTsVITZTVfsXpc2,10,-3.84,1,0.142,0.359,0,0.111,0.611,180.839,257293,4
spotify:track:4dLBiOu6BXGaEL8ByICR6Q,Dame Salsa,Corazon de Acero,Lo Mejor de Yiyo Sarante,2016-04-27,7,Yiyo Sarante,spotify:artist:2rwLjVHS15sfzciKXXNbgA,5,-7.383,0,0.0419,0.526,2.36e-06,0.0544,0.945,83.697,225624,4
spotify:track:1q2J8KWeewoqOrZI4a65P9,Dame Salsa,Un verano en Nueva York,Numero 7,1975,55,El Gran Combo De Puerto Rico,spotify:artist:6nnspeopmJAG07xOxHmqTu,7,-8.897,1,0.0424,0.673,0.122,0.286,0.965,106.1,298516,4
spotify:track:1RpCXjlxFGS6LfPOvqSJ7M,Dame Salsa,Amores Como el Nuestro,Oro Salsero,1990,66,Jerry Rivera,spotify:artist:7wOZy3KdFVVINgNFFxkxwO,0,-10.943,1,0.0469,0.549,0.0189,0.0774,0.619,179.505,301573,4
spotify:track:0ViQHcFsGyynn92NTscTIN,Dame Salsa,Siempre Sere,Exitos Tito Rojas - 10th Anniversario,2006-03-30,48,Tito Rojas,spotify:artist:2kgCV0fFS0wt3q6M5B39nH,0,-11.252,0,0.0327,0.136,0,0.441,0.91,165.065,321733,4
spotify:track:26vhHc8B1151HRwkXaifp9,Dame Salsa,Otra Vez,Otra Vez,2019-02-01,38,Juan Carlos Ensamble,spotify:artist:2D6mQmDTdaLcA9BZytb4yk,2,-3.487,1,0.0674,0.506,0,0.246,0.873,194.977,235077,4
spotify:track:1I8D56sCRUHLOhrVIScsdz,Dame Salsa,Como Le Hago - Salsa Remix,13,2019-05-13,49,Jonathan Moly,spotify:artist:72JBKpo5mMA5dwL291rbND,5,-3.829,1,0.0436,0.468,0,0.363,0.684,99.985,225907,4
spotify:track:6QJ1F9DrlsRSmKDcdVS0Oy,Dame Salsa,Lloraras,Traicionera (Baile Total),2017-11-24,60,Oscar D'León,spotify:artist:1c84wItoiAe1pEbpJMqUmQ,9,-8.368,1,0.0452,0.517,0.000701,0.0445,0.962,96.998,222200,4
spotify:track:5uRd1tmUAvfFGSPR5266Xp,Dame Salsa,Tu Cariñito,Men In Salsa,2000,66,Puerto Rican Power,spotify:artist:74jFP3mGfKxy6rvjiUc2o3,5,-8.751,0,0.0469,0.337,2.13e-06,0.0338,0.921,187.435,251253,4
spotify:track:4qAknKWl2aMvWn4r1nzWAa,Dame Salsa,Vivir Lo Nuestro,Dicen Que Soy,1994-01-01,50,INDIA,spotify:artist:3NIZFmehJM8YiGpCdihlck,10,-6.667,0,0.0412,0.573,0,0.915,0.794,91.192,367027,4
spotify:track:5CTj6t8M4n8ft81jN8o1S7,Dame Salsa,Comerte a Besos - Salsa Version,Por Tu Placer,2001-08-14,43,Frankie Negrón,spotify:artist:3QPEwHBLL8xX8p8HaT4S16,11,-5.214,0,0.0698,0.372,0,0.421,0.657,97.747,269800,4
spotify:track:2NCmyKVXhY4iPBXaRCajoi,Dame Salsa,Mi Mayor Venganza,Pura Salsa,2006-01-01,55,INDIA,spotify:artist:3NIZFmehJM8YiGpCdihlck,7,-7.347,1,0.0617,0.542,1.87e-05,0.413,0.724,81.447,313560,4
spotify:track:1uRXl9FJPkommfTTqXkhRo,Dame Salsa,El Cantante,Comedia,1978,1,Héctor Lavoe,spotify:artist:7opp16lU7VM3l2WBdGMYHP,7,-9.212,0,0.038,0.705,3.08e-05,0.0975,0.544,95.531,626827,4
spotify:track:4DlK7m7NKhJzUQcTvMVMoU,Dame Salsa,De Mí Enamórate,The Best Of Tito Nieves,2001-01-01,29,Tito Nieves,spotify:artist:4vOycwLXdkMMzpZW04VW5m,2,-6.308,0,0.0355,0.699,2.37e-05,0.0581,0.735,94.605,308000,4
spotify:track:65nL3OLuHHfEYxKkHMQ1fL,Dame Salsa,Desnúdate Mujer,Voy Pa'Encima,1987-01-01,51,Frankie Ruiz,spotify:artist:4dLvccxeQIM5u80Ri0u9OV,7,-10.057,1,0.0365,0.128,2.39e-05,0.308,0.9,99.613,287120,4
spotify:track:6JUOHyIgRFhZumikb2u1uA,Dame Salsa,Si Supieras,Salsa Exitos,1997,50,Pedro Conga,spotify:artist:5AvuagpXeJtpvaq7OtBG1y,5,-4.674,0,0.0366,0.626,0,0.308,0.8,91.487,311800,4
spotify:track:3lfWaQLyg71Uar9gAgFVWV,Dame Salsa,Casi Te Envidio,Oro Salsero,1994-01-01,60,Andy Montañez,spotify:artist:6RMWFexOHVj5ctezneQH5v,7,-10.418,1,0.0888,0.496,0,0.0703,0.883,95.926,321200,4
spotify:track:3QHMxEOAGD51PDlbFPHLyJ,Dame Salsa,Vivir Mi Vida,3.0,2013-07-23,75,Marc Anthony,spotify:artist:4wLXwxDeWQ8mtUIRPxGiD6,0,-3.23,0,0.0344,0.344,0,0.349,0.893,105.017,252347,4
spotify:track:2GBTcQdwU4pEEreRvAQkqI,Dame Salsa,Esa Mujer,En Concierto,2008-07-24,58,Tony Vega,spotify:artist:3Yg61bt7pZYX1bbMXEj8oY,10,-5.148,0,0.0457,0.0602,0,0.66,0.658,181.186,351813,4
spotify:track:36T4XY4vbxmw40XMJPe3zw,Dame Salsa,Pequeñas Cosas,Grandes Exitos,2006-03-30,64,Willie Gonzalez,spotify:artist:2EIZodXJHserIu4pGNfD3Z,9,-9.247,1,0.0378,0.585,0,0.0978,0.852,176.396,307200,4
spotify:track:6Imtrypp2rg9bw7mfYv8cl,Dame Salsa,Pirata de Amor,La Traición,2014-05-13,40,Yanfourd,spotify:artist:0RzBTerVM0F43UQHfJHp6o,7,-4.278,1,0.0381,0.61,0.0207,0.0803,0.881,102.976,272533,4
spotify:track:6NkzTPm8rickNmgvdH8OAz,Dame Salsa,No Eres la Buena,Soy Real,2018-01-19,43,David Kada,spotify:artist:1mW8Ifff475lUj6Xj44we4,8,-4.649,1,0.0596,0.538,0,0.217,0.804,110.084,238000,4
spotify:track:4La8ixm5maJRwBN3EcoFef,Dame Salsa,Mi Princesa,La Nueva Era,2017-05-16,40,Revolucion Salsera,spotify:artist:1qwyNZHoVJYxq7MHF63YIT,7,-4.959,1,0.0398,0.185,0,0.121,0.914,105.039,251585,4
spotify:track:2uzCfFYh6tSNFdz14ZIf3N,Dame Salsa,La Negra Tiene Tumbao,La Negra Tiene Tumbao,2001-12-03,55,Celia Cruz,spotify:artist:2weA6hhVqTIN2gSn9PUB9U,11,-4.424,0,0.053,0.0338,3.33e-05,0.199,0.96,110.726,253347,4
spotify:track:54xmNCGfRurgboyVUkdyPa,Dame Salsa,La Murga,Asalto Navideño,2009,2,Willie Colón,spotify:artist:7x5Slu7yTE5icZjNsc3OzW,9,-7.59,0,0.04,0.662,0.0364,0.0541,0.894,86.867,334053,4
spotify:track:5dOWipP9winLed8B0Ajoxa,Dame Salsa,La Rueda,Oro Salsero (Vol 2),1996-01-01,44,Frankie Ruiz,spotify:artist:4dLvccxeQIM5u80Ri0u9OV,5,-8.05,1,0.0342,0.431,3.84e-05,0.0739,0.96,103.092,386307,4
spotify:track:3rsVX2Pd8UkjqF2MAZqeif,Dame Salsa,La Quiero A Morir,Lo Esencial,1996,65,DLG,spotify:artist:0z0w28IvsF1gsKhVAMbh9p,4,-3.257,1,0.0471,0.294,0.00311,0.252,0.924,99.672,302320,4
spotify:track:286NP8kXWzx2uHb5tr7TGv,Dame Salsa,Aquél Viejo Motel,Oro Salsero,1994-01-01,55,David Pabon,spotify:artist:3L3YHYkS8b2vgAbnqBTXrE,2,-4.22,1,0.0286,0.571,0.000128,0.133,0.751,91.324,308893,4
spotify:track:303cDwi274kSEH0NSR73AX,Salsa Classics,Amor y Control,Amor Y Control,1992,60,Rubén Blades,spotify:artist:5BwMgvRwlq61SmknvsVIQj,7,-9.622,1,0.0357,0.449,0.0104,0.153,0.863,88.786,352440,4
spotify:track:3uzIBpBL6f6hvaTi3X0E7P,Salsa Classics,Como Te Hago Entender,Los Rostros de la Salsa,2017-11-24,44,Roberto Roena,spotify:artist:4i5rDrP2IqCdMgde0vIpyB,7,-7.35,0,0.049,0.426,0,0.108,0.879,84.222,344627,4
spotify:track:4Ih0JljQ3X3PbHfmuk05PR,Salsa Classics,Que Locura Enamorarme De Ti,Pura Salsa,2006-01-01,8,Eddie Santiago,spotify:artist:5Wg6XnPTp0xXxFCjywwR9I,1,-5.663,1,0.0416,0.698,0,0.103,0.953,93.559,309573,4
spotify:track:06YYzWTAibpHPEJTl4zVvm,Salsa Classics,Talento De Televisión,Tras La Tormenta,1995,51,Willie Colón,spotify:artist:7x5Slu7yTE5icZjNsc3OzW,2,-9.372,1,0.044,0.712,1.43e-05,0.0634,0.943,104.894,280107,4
spotify:track:37nXsqE1XW0cxOQvIMsmFc,Salsa Classics,Conteo Regresivo - Salsa Version,Contraste,2003-03-11,64,Gilberto Santa Rosa,spotify:artist:27vNK840zYq6IfDijHPsv1,8,-6.162,1,0.0803,0.778,0,0.069,0.96,163.905,266787,4
spotify:track:3fwqOw3lzCle2zxamHMcQ2,Salsa Classics,Tu Con El,Solista Pero No Solo,1985-01-01,48,Frankie Ruiz,spotify:artist:4dLvccxeQIM5u80Ri0u9OV,7,-5.701,1,0.0504,0.52,0.00177,0.246,0.949,94.918,303173,4
spotify:track:6sna5KCgNbt1ciZtVJCjzx,Salsa Classics,Gotas De Lluvia,20th Anniversary,1990,64,Grupo Niche,spotify:artist:1zng9JZpblpk48IPceRWs8,4,-3.946,0,0.0375,0.701,0.00019,0.0565,0.688,97.276,354973,4
spotify:track:1F1VPI3wUKEKA1DPx5Y9Fy,Salsa Classics,Cuenta Conmigo,No Me Olvidaras,1990,56,Jerry Rivera,spotify:artist:7wOZy3KdFVVINgNFFxkxwO,1,-4.666,1,0.0379,0.609,6.88e-05,0.316,0.917,176.89,230187,4
spotify:track:2vHNqDJe1qvt1sroQfNHSI,Salsa Classics,Aquel Lugar,Búscame,2008,66,Adolescent's Orquesta,spotify:artist:70nxnxEqDQIEWneRjg2Q4O,7,-4.706,1,0.036,0.36,0,0.132,0.652,92.124,233326,4
spotify:track:3yEtuhGR8jOtusa29jWrhG,Salsa Classics,Tu Amor Me Hace Bien - Salsa Version,Valio La Pena,2004-07-27,69,Marc Anthony,spotify:artist:4wLXwxDeWQ8mtUIRPxGiD6,0,-6.496,1,0.0359,0.398,4.58e-05,0.112,0.617,97.68,300160,4
spotify:track:21d6EkqWaoA2hPDBUp2u8H,Salsa Classics,Detalles,Detalles,2007-03-12,40,Oscar D'León,spotify:artist:1c84wItoiAe1pEbpJMqUmQ,4,-4.024,1,0.0533,0.184,3.7e-05,0.243,0.935,176.243,278872,4
spotify:track:00Ro1lnV3V6i87aY4t8Q43,Salsa Classics,La rebelion,Sabor a Salsa,2007-05-12,67,Joe Arroyo,spotify:artist:7BFnoFhJjLWcsqmN3Hizqg,1,-7.907,1,0.0735,0.142,2.55e-05,0.136,0.875,107.951,376013,4
spotify:track:2PmVCFBBVkEaOd9k5RnLZr,Salsa Classics,Mi Media Mitad,Frente a Frente,2015-04-07,26,Rey Ruiz,spotify:artist:1S0uvW1rgvtkNGma9su3fJ,0,-4.424,1,0.0315,0.326,1.58e-06,0.318,0.841,153.925,293160,4
spotify:track:4b55fVKJprjWWj4KhKgxMf,Salsa Classics,Qué Hay de Malo,Oro Salsero,1990,64,Jerry Rivera,spotify:artist:7wOZy3KdFVVINgNFFxkxwO,1,-8.673,1,0.044,0.592,0,0.0556,0.817,91.941,298347,4
spotify:track:23Fw0qh3Onqn2276LiL2pT,Salsa Classics,Lloraras,15 Exitos De- Oscar D Leon,1996-02-28,47,Oscar D'León,spotify:artist:1c84wItoiAe1pEbpJMqUmQ,9,-7.555,1,0.0472,0.582,0.000516,0.0717,0.962,96.046,221008,4
spotify:track:3SXWtn3YbXOuz6s9LN8LeJ,Salsa Classics,Cali Pachanguero,Sólo Hits,2006-06-22,61,Grupo Niche,spotify:artist:1zng9JZpblpk48IPceRWs8,8,-7.731,1,0.0395,0.69,0,0.2,0.678,99.911,309920,4
spotify:track:2Xg030uYjEA9FNiSKbD3R8,Salsa Classics,Un Montón de Estrellas,Viceversa,2002,54,Gilberto Santa Rosa,spotify:artist:27vNK840zYq6IfDijHPsv1,5,-5.227,0,0.035,0.392,0,0.0678,0.945,91.767,273880,4
spotify:track:09PGyODYYlVsL49N7TR914,Salsa Classics,Pedro Navaja,Anthology,2012-03-26,8,Rubén Blades,spotify:artist:5BwMgvRwlq61SmknvsVIQj,11,-6.641,0,0.103,0.779,6.54e-06,0.267,0.826,93.658,443480,4
spotify:track:0C279YvVWJcmFMSDtqIGfq,Salsa Classics,El Cantante,El Cantante de los Cantantes,2013-06-18,7,Héctor Lavoe,spotify:artist:7opp16lU7VM3l2WBdGMYHP,7,-4.899,0,0.0326,0.422,6.92e-06,0.13,0.658,95.813,622520,4
spotify:track:3WXfQDsASfXrSojk9WB3aR,Salsa Classics,En Barranquilla Me Quedo,32 Cañonazos,2015-07-01,57,Joe Arroyo,spotify:artist:7BFnoFhJjLWcsqmN3Hizqg,1,-9.213,1,0.0552,0.172,0.000232,0.0895,0.784,103.899,312480,4
spotify:track:3GgI4QQWvsqqdKCvnNN0UM,Salsa Classics,La Agarro Bajando,Intenso,2001-07-24,57,Gilberto Santa Rosa,spotify:artist:27vNK840zYq6IfDijHPsv1,5,-6.745,0,0.0427,0.332,3.09e-06,0.251,0.962,100.324,254933,4
spotify:track:2BOcua9pjhKuVtgN40AAHX,Salsa Classics,Decisiones,Buscando America,1984-04-03,60,Rubén Blades,spotify:artist:5BwMgvRwlq61SmknvsVIQj,8,-9.824,1,0.0707,0.777,0,0.0475,0.452,96.402,303400,4
spotify:track:3SHvRyQDsmumq48SF7jtVk,Salsa Classics,Apiádate de Mi,Victor Manuelle (3 CD Box Set),1994,35,Víctor Manuelle,spotify:artist:4N5fp4zhTsVITZTVfsXpc2,10,-7.056,0,0.0403,0.293,0,0.0759,0.843,168.788,304640,4
spotify:track:4HEIPKvipeKYPlC91MZGxC,Salsa Classics,No Me Acostumbro,Frente a Frente,2015-04-07,25,Rey Ruiz,spotify:artist:1S0uvW1rgvtkNGma9su3fJ,5,-3.92,0,0.0447,0.668,7.01e-06,0.341,0.908,173.001,289827,4
spotify:track:6fhM1k6uoPvz5Vd2KaWjnA,Salsa Classics,Te Conozco Bien,Todo A Su Tiempo,1995-01-01,53,Marc Anthony,spotify:artist:4wLXwxDeWQ8mtUIRPxGiD6,11,-6.93,0,0.0607,0.653,0,0.544,0.752,87.72,314440,4
spotify:track:7JElWLgpQ7lxN1JNIYwuVu,Salsa Classics,Que Alguien Me Diga,Expresion,1999-12-21,58,Gilberto Santa Rosa,spotify:artist:27vNK840zYq6IfDijHPsv1,7,-7.285,0,0.0444,0.256,0,0.197,0.758,94.098,290413,4
spotify:track:25rZ4tMiSLmMDnk1jHZCGh,Salsa Classics,Mi Libertad,Oro Salsero,1994-01-01,46,Frankie Ruiz,spotify:artist:4dLvccxeQIM5u80Ri0u9OV,8,-8.092,1,0.0468,0.197,0,0.103,0.934,93.319,270093,4
spotify:track:0A6uCqTC2RS0x7lyDTIend,Salsa Classics,Periódico De Ayer,De Ti Depende,1976-01-01,59,Héctor Lavoe,spotify:artist:7opp16lU7VM3l2WBdGMYHP,0,-7.683,0,0.0307,0.0129,0.867,0.0953,0.578,98.093,409080,4
spotify:track:2AMDKSt4HJWZbuLupJuNrj,Salsa Classics,Valió la Pena - Salsa Version,Valio La Pena,2004-07-27,60,Marc Anthony,spotify:artist:4wLXwxDeWQ8mtUIRPxGiD6,9,-5.772,0,0.0513,0.332,7.1e-06,0.0665,0.846,98.364,289467,4
spotify:track:2VyxUBO64ggj5uFJJN5KyF,Salsa Classics,Casi un Hechizo,Mis 30 Mejores Canciones,1990,54,Jerry Rivera,spotify:artist:7wOZy3KdFVVINgNFFxkxwO,0,-5.15,1,0.0402,0.705,2.55e-05,0.0525,0.833,92.99,223440,4
spotify:track:1xAubZVq0sOxsoSfm1PzqA,Salsa Classics,Tú Me Vuelves Loco,Oro Salsero (Vol 2),1996-01-01,43,Frankie Ruiz,spotify:artist:4dLvccxeQIM5u80Ri0u9OV,7,-9.427,1,0.034,0.4,0,0.0578,0.918,92.055,298547,4
spotify:track:3P97s0cNCeHeNGvfAe7WYE,Salsa Classics,Amiga,Frente a Frente,2015-04-07,24,Rey Ruiz,spotify:artist:1S0uvW1rgvtkNGma9su3fJ,9,-4.81,1,0.0399,0.704,0,0.194,0.796,158.929,280093,4
spotify:track:5nmLj87o23HJrI7GgqXXUw,Salsa Classics,Tengo Ganas,Travesia,2004,56,Víctor Manuelle,spotify:artist:4N5fp4zhTsVITZTVfsXpc2,9,-3.641,0,0.0362,0.198,0,0.212,0.896,94.616,266493,4
spotify:track:1qrJSmYy08r64JG7h5NG0r,Salsa Classics,Dime,Siembra (Special Edition),2010-06-08,32,Willie Colón,spotify:artist:7x5Slu7yTE5icZjNsc3OzW,9,-7.498,1,0.0773,0.515,1.12e-06,0.466,0.682,96.173,421200,4
spotify:track:0k1hbeZodoEw34FAdbh8xM,Salsa Classics,Brujeria,Aqui No Se Sienta Nadie!,1979,54,El Gran Combo De Puerto Rico,spotify:artist:6nnspeopmJAG07xOxHmqTu,7,-5.375,1,0.0461,0.565,1.09e-05,0.062,0.96,93.03,205813,4
spotify:track:7arYtARCpVmLPsB8Chua4A,Salsa Classics,Guantanamera,Les titres essentiels Cuba (28 Essential Cuban Tracks),2003-01-28,52,Celia Cruz,spotify:artist:2weA6hhVqTIN2gSn9PUB9U,10,-7.254,1,0.0416,0.831,0.00398,0.407,0.862,144.2,197067,4
spotify:track:4qsrxXxk4GCGih80VGmaAl,Salsa Classics,Cara de Niño,Mis 30 Mejores Canciones,1990,55,Jerry Rivera,spotify:artist:7wOZy3KdFVVINgNFFxkxwO,5,-9.019,0,0.0459,0.547,0,0.068,0.961,92.829,295640,4
spotify:track:1r1eiM9qXEdvteunOAslIW,Salsa Classics,Plastico,Siembra,2009,1,Willie Colón,spotify:artist:7x5Slu7yTE5icZjNsc3OzW,11,-7.713,0,0.0563,0.797,2.56e-06,0.382,0.705,104.496,401787,4
spotify:track:0mTHqLXxW4UAYwJgCIz7CJ,Salsa Classics,El Rey De La Puntualidad,Lo Qué Pide La Gente,1984-12-31,48,Fania All Stars,spotify:artist:1OdyhpUABf8avaZ9r8nI1u,4,-6.465,0,0.0556,0.397,0,0.103,0.873,105.84,402360,4
spotify:track:2uyCcoHiRGttV0uXaNXGB1,Salsa Classics,La Noche,"Milenario, Vol. 3",2015-07-01,48,Joe Arroyo,spotify:artist:7BFnoFhJjLWcsqmN3Hizqg,0,-7.791,0,0.0431,0.291,0.024,0.0537,0.861,105.708,265027,4
spotify:track:1IcnHHfeAkdc88LybFWwb9,Salsa Classics,Me Liberé,Nuevo Milenio - El Mismo Sabor,2001,58,El Gran Combo De Puerto Rico,spotify:artist:6nnspeopmJAG07xOxHmqTu,7,-1.94,0,0.0407,0.395,0,0.0905,0.967,97.522,263920,4
spotify:track:3FNjqlfbQ153UsLKhDIxHo,Salsa Classics,Usted Abusó,The 'Brillante' Best,1978-01-01,49,Celia Cruz,spotify:artist:2weA6hhVqTIN2gSn9PUB9U,2,-8.257,0,0.0355,0.741,3.39e-05,0.308,0.68,100.681,259000,4
spotify:track:1NQpbF1vSX5pxCbUDk6ww5,Salsa Classics,Micaela,La Salsa Metálica Volvió Con Todos los Hierros,1972,4,Sonora Carruseles,spotify:artist:34qU0b0yRjEzRJtknerEDS,0,-6.888,1,0.053,0.364,0.00272,0.0793,0.937,179.592,284707,4
spotify:track:45nyOQWvhjn9bfAoTIKCuJ,Salsa Classics,Dile A Ella,Exitos de Victor Manuelle,1993,53,Víctor Manuelle,spotify:artist:4N5fp4zhTsVITZTVfsXpc2,2,-5.255,1,0.0955,0.351,1.89e-06,0.313,0.709,184.996,305067,4
spotify:track:0NP1zQ8Oqlz43Q2QEjmghg,Salsa Classics,Anacaona,Cheo,1971-06-15,51,Cheo Feliciano,spotify:artist:1Ypa8o8muvDcgOt1YYtcOC,5,-7.862,0,0.0361,0.442,0.0052,0.0645,0.945,97.692,253253,4
spotify:track:7zKdfPOyJvmtzVIgZYheGZ,Salsa Classics,Dime Por Que,La Herencia,2009,1,Ismael Rivera,spotify:artist:788HzQOFhN3mcDo0InBqbJ,10,-4.586,1,0.0475,0.759,0,0.323,0.966,164.666,214213,4
spotify:track:5O2Id1rWAmR9ff9kGUfikf,Salsa Classics,La Murga,Asalto Navideño,1970-01-01,60,Willie Colón,spotify:artist:7x5Slu7yTE5icZjNsc3OzW,2,-7.591,1,0.0381,0.65,0.0277,0.0564,0.889,89.013,334080,4
spotify:track:6ydEhrdfzhI29D2NBAqUY1,Salsa Classics,Quimbara,Celia & Johnny,1974-01-01,60,Johnny Pacheco,spotify:artist:09947uhj2ZwU9mFXK5v50o,4,-7.507,0,0.0667,0.741,0.0736,0.0478,0.966,120.627,291947,4
spotify:track:1Fp4njyRHJYyMTKP899c0q,Salsa Classics,El Preso,Fruko el Grande,1975-04-25,57,Fruko Y Sus Tesos,spotify:artist:5aAlzehdUM14I4ppq24Xob,5,-4.687,0,0.038,0.159,0.00431,0.134,0.818,106.16,294000,4
spotify:track:7JXThmie7TTZfnGpD6hOJG,Salsa Classics,Nunca Voy A Olvidarte,Dicen Que Soy,1994-01-01,34,INDIA,spotify:artist:3NIZFmehJM8YiGpCdihlck,6,-10.27,1,0.0416,0.629,0.0132,0.0737,0.699,173.841,297040,4
spotify:track:0yE5Uqw60fj0pGpsvtDnDQ,Salsa Classics,Ché Ché Colé,Anthology,2012-04-10,5,Willie Colón,spotify:artist:7x5Slu7yTE5icZjNsc3OzW,5,-4.87,1,0.0398,0.376,0,0.0732,0.936,101.379,209240,4
spotify:track:73uEbChpBB29ttwVnwuNVE,Salsa Classics,Oye Cómo Va,El Rey Bravo,1962-01-01,58,Tito Puente,spotify:artist:6SPpCqM8gOzrtICAxN5NuX,7,-6.717,1,0.0315,0.747,0.00605,0.0624,0.963,123.261,274019,4
spotify:track:22GxtWFeORJZaptz26pxet,Salsa Classics,Contra La Corriente,Contra La Corriente,1997-01-01,54,Marc Anthony,spotify:artist:4wLXwxDeWQ8mtUIRPxGiD6,8,-4.013,1,0.0493,0.737,0,0.115,0.714,90.301,304733,4
spotify:track:4NM6nmPnoqnQovcZ93kACn,Salsa Classics,Date un Chance,Lo Que Pasó... La Historia Del Príncipe De La Salsa,2010-10-25,34,Luis Enrique,spotify:artist:2mUI4K6csTQd3jieswcmiI,7,-8.196,1,0.0433,0.638,0,0.226,0.941,93.955,286320,4
spotify:track:1BK353EYyBMkDd80kmfrqA,Salsa Classics,Ese Hombre,Dicen Que Soy,1994-01-01,43,INDIA,spotify:artist:3NIZFmehJM8YiGpCdihlck,9,-9.078,0,0.0771,0.709,0.000132,0.0478,0.673,88.349,280013,4
spotify:track:3DwtTnJIibZT65XzWkiLaT,Salsa Classics,Buscando Guayaba,Siembra (Special Edition),2010-06-08,31,Willie Colón,spotify:artist:7x5Slu7yTE5icZjNsc3OzW,0,-6.825,1,0.0407,0.711,0.000396,0.0699,0.883,149.859,345600,4
spotify:track:56yZ4jakLYUykhYaP9FtXi,Salsa Classics,Catalina La O,Este Negro Si Es Sabroso,1976,2,"Pete ""El Conde"" Rodriguez",spotify:artist:1Nl2RRbigQuX1TqV1tSPHa,10,-4.751,0,0.0333,0.715,0.00741,0.0672,0.89,147.046,312640,4
spotify:track:4nIfmbuvmCn4AOyw1QW02Q,Salsa Classics,Nadie Como Ella,Desde Un Principio / From The Beginning,2006-01-01,50,Marc Anthony,spotify:artist:4wLXwxDeWQ8mtUIRPxGiD6,0,-7.797,0,0.0377,0.679,2.01e-06,0.372,0.912,93.283,284333,4
spotify:track:7dC0ojtXZWBD6vIOD42AYT,Salsa Classics,Mi Gente,El Cantante de los Cantantes,2013-06-18,1,Héctor Lavoe,spotify:artist:7opp16lU7VM3l2WBdGMYHP,8,-5.898,1,0.0617,0.134,2.1e-06,0.0798,0.872,114.019,327667,4
spotify:track:6Lr6DGoVF77bNdHsfiwfPZ,Salsa Classics,Dicen Que Soy,Dicen Que Soy,1994-01-01,35,INDIA,spotify:artist:3NIZFmehJM8YiGpCdihlck,7,-8.861,1,0.0457,0.773,0.000303,0.0927,0.718,168.742,281040,4
spotify:track:6GRFXhOIdiZmkZiNeGZ9Sm,Salsa Classics,Tu No Sabes Querer,Oro Salsero,1994-01-01,38,Lalo Rodriguez,spotify:artist:5LmwELEKyxDFxrbZzR8K4U,5,-10.682,0,0.0557,0.505,0.000265,0.202,0.923,110.3,384800,4
spotify:track:4CxDqPmmkDdnlrnkjbXYhm,Salsa Classics,Senor Sereno,Greatest Hits,2009,0,Larry Harlow,spotify:artist:2PGJmP6AvSCQ7pKBOjrg8J,7,-8.046,0,0.0383,0.597,0.238,0.156,0.942,112.231,331253,4
spotify:track:3NYWeHXkfrcYa4iXegFUR5,Salsa Classics,Desesperado,Colección De Oro,1988,43,Luis Enrique,spotify:artist:2mUI4K6csTQd3jieswcmiI,1,-8.699,1,0.0448,0.359,3.47e-06,0.0549,0.944,180.747,230156,4
spotify:track:0pX477ap2l86BbHfKTncpM,Salsa Classics,Aguanile,El Juicio,1972-01-01,54,Willie Colón,spotify:artist:7x5Slu7yTE5icZjNsc3OzW,0,-6.375,0,0.0671,0.632,5.87e-05,0.432,0.957,125.834,369120,4
spotify:track:1ACM4nDDjhWxMhy0WoWG7J,Salsa Classics,Parece Mentira,Carlito's Way: Music From The Motion Picture,1993-11-09,22,Marc Anthony,spotify:artist:4wLXwxDeWQ8mtUIRPxGiD6,2,-7.145,1,0.0345,0.652,0.00364,0.323,0.951,93.85,326160,4
spotify:track:1mpKcP8f2gQrInkh2FLb1N,Salsa Classics,La Cartera,Salsa,1974-01-01,44,Orquesta Harlow,spotify:artist:7tR38XlRHmElbNAWRiHb9W,9,-4.86,0,0.0541,0.576,0.000192,0.249,0.92,96.845,386853,4
spotify:track:65kCIrgNhXeufeG2WVmHId,Salsa Classics,Vámonos Pa'l Monte,Vámonos Pa'l Monte,1986-12-31,50,Eddie Palmieri,spotify:artist:2VviFtXYreO6Zn9n8Ibk6C,7,-5.886,0,0.116,0.429,0.827,0.0882,0.69,111.43,426840,4
spotify:track:0Mg0kjsLUfzgBMtbxRnIGL,Salsa Classics,El Todopoderoso,La Voz,1975-12-31,45,Héctor Lavoe,spotify:artist:7opp16lU7VM3l2WBdGMYHP,9,-3.571,0,0.069,0.448,0.000192,0.051,0.569,109.498,262680,4
spotify:track:1XANmUYUXMV65BcUJKplkr,Salsa Classics,Siembra,Siembra Special Edition,2009,2,Willie Colón,spotify:artist:7x5Slu7yTE5icZjNsc3OzW,0,-7.362,0,0.0412,0.481,2.42e-05,0.123,0.849,116.275,323827,4
spotify:track:0lXxj5T6jeovmtd460qrFN,Salsa Classics,Toro Mata,Celia & Johnny,1974-01-01,44,Johnny Pacheco,spotify:artist:09947uhj2ZwU9mFXK5v50o,11,-7.339,0,0.0659,0.692,0.0081,0.167,0.899,113.472,342173,4
spotify:track:5jK21S6FXKQqjlK4vTBiMd,Salsa Classics,El Watusi,Charanga Moderna,1962-12-31,45,Ray Barretto,spotify:artist:2h4ndKS2vRWeFLpq8ARu0D,2,-10.092,1,0.163,0.815,8.55e-05,0.0977,0.618,87.252,160115,4
spotify:track:4MHHQYmkwx1geJRFaJfQD5,Salsa Classics,El Malo,The Original Gangster,2009,1,Willie Colón,spotify:artist:7x5Slu7yTE5icZjNsc3OzW,7,-7.965,0,0.0387,0.688,0.00465,0.0688,0.967,111.239,243720,4
spotify:track:1rijHA5veEZDV5CrGLpex6,Salsa Classics,Quítate Tú - Live,A Band And Their Music: Campeones,2008-09-09,47,Fania All Stars,spotify:artist:1OdyhpUABf8avaZ9r8nI1u,10,-5.282,1,0.0476,0.555,0.0011,0.883,0.934,122.202,331720,4
